{
  "version": "0.9.0",
  "graph": {
    "nodes": [
      {
        "id": "n0",
        "position": {
          "x": 0,
          "y": 0
        },
        "caption": "Question"
      },
      {
        "id": "n1",
        "position": {
          "x": 0,
          "y": 300
        },
        "caption": "Answer"
      },
      {
        "id": "n2",
        "position": {
          "x": 300,
          "y": 0
        },
        "caption": "Comment"
      },
      {
        "id": "n3",
        "position": {
          "x": 300,
          "y": 300
        },
        "caption": "User"
      },
      {
        "id": "n4",
        "position": {
          "x": -207,
          "y": 0
        },
        "caption": "Tag"
      }
    ],
    "relationships": [
      {
        "id": "n0",
        "type": "ANSWERED",
        "fromId": "n1",
        "toId": "n0"
      },
      {
        "id": "n1",
        "type": "TAGGED",
        "fromId": "n0",
        "toId": "n4"
      },
      {
        "id": "n2",
        "type": "ASKED",
        "fromId": "n3",
        "toId": "n0"
      },
      {
        "id": "n3",
        "type": "COMMENTED",
        "fromId": "n3",
        "toId": "n2"
      },
      {
        "id": "n4",
        "type": "COMMENTED_ON",
        "fromId": "n2",
        "toId": "n0"
      },
      {
        "id": "n5",
        "type": "PROVIDED",
        "fromId": "n3",
        "toId": "n1"
      }
    ]
  },
  "dataModel": {
    "fileModel": {
      "fileSchemas": {
        "stackoverflow.relationships.TAGGED.csv": {
          "expanded": false,
          "fields": [
            {
              "name": "question_id",
              "type": "integer",
              "sample": "4886",
              "include": true
            },
            {
              "name": "tag_id",
              "type": "integer",
              "sample": "1679",
              "include": true
            }
          ]
        },
        "stackoverflow.relationships.PROVIDED.csv": {
          "expanded": false,
          "fields": [
            {
              "name": "user_id",
              "type": "integer",
              "sample": "2440",
              "include": true
            },
            {
              "name": "answer_id",
              "type": "integer",
              "sample": "2155",
              "include": true
            }
          ]
        },
        "stackoverflow.relationships.COMMENTED_ON.csv": {
          "expanded": false,
          "fields": [
            {
              "name": "comment_id",
              "type": "integer",
              "sample": "5943",
              "include": true
            },
            {
              "name": "question_id",
              "type": "integer",
              "sample": "4637",
              "include": true
            }
          ]
        },
        "stackoverflow.relationships.COMMENTED.csv": {
          "expanded": false,
          "fields": [
            {
              "name": "user_id",
              "type": "integer",
              "sample": "2452",
              "include": true
            },
            {
              "name": "comment_id",
              "type": "integer",
              "sample": "5943",
              "include": true
            }
          ]
        },
        "stackoverflow.relationships.ASKED.csv": {
          "expanded": false,
          "fields": [
            {
              "name": "user_id",
              "type": "integer",
              "sample": "604",
              "include": true
            },
            {
              "name": "question_id",
              "type": "integer",
              "sample": "4622",
              "include": true
            }
          ]
        },
        "stackoverflow.relationships.ANSWERED.csv": {
          "expanded": false,
          "fields": [
            {
              "name": "answer_id",
              "type": "integer",
              "sample": "2155",
              "include": true
            },
            {
              "name": "question_id",
              "type": "integer",
              "sample": "4623",
              "include": true
            }
          ]
        },
        "stackoverflow.nodes.Tag.csv": {
          "expanded": false,
          "fields": [
            {
              "name": "tag_id",
              "type": "integer",
              "sample": "1679",
              "include": true
            },
            {
              "name": "name",
              "type": "string",
              "sample": "neo4j",
              "include": true
            },
            {
              "name": "link",
              "type": "string",
              "sample": "https://stackoverflow.com/questions/tagged/neo4j",
              "include": true
            }
          ]
        },
        "stackoverflow.nodes.User.csv": {
          "expanded": false,
          "fields": [
            {
              "name": "user_id",
              "type": "integer",
              "sample": "604",
              "include": true
            },
            {
              "name": "uuid",
              "type": "integer",
              "sample": "2236092",
              "include": true
            },
            {
              "name": "display_name",
              "type": "string",
              "sample": "schernichkin",
              "include": true
            }
          ]
        },
        "stackoverflow.nodes.Comment.csv": {
          "expanded": false,
          "fields": [
            {
              "name": "comment_id",
              "type": "integer",
              "sample": "5943",
              "include": true
            },
            {
              "name": "score",
              "type": "integer",
              "sample": "0",
              "include": true
            },
            {
              "name": "uuid",
              "type": "integer",
              "sample": "122336972",
              "include": true
            },
            {
              "name": "link",
              "type": "string",
              "sample": "https://stackoverflow.com/questions/69208813/configuring-and-connect-to-neo4j#comment122336972_69208813",
              "include": true
            }
          ]
        },
        "stackoverflow.nodes.Answer.csv": {
          "expanded": false,
          "fields": [
            {
              "name": "answer_id",
              "type": "integer",
              "sample": "2155",
              "include": true
            },
            {
              "name": "link",
              "type": "string",
              "sample": "https://stackoverflow.com/a/69272967",
              "include": true
            },
            {
              "name": "title",
              "type": "string",
              "sample": "Return &#39;biggest fan of a tag&#39; neo4j",
              "include": true
            },
            {
              "name": "is_accepted",
              "type": "boolean",
              "sample": "true",
              "include": true
            },
            {
              "name": "body_markdown",
              "type": "string",
              "sample": "The error is here:\r\n\r\n```\r\nWHERE COUNT(posted) &lt; 10\r\n```\r\n\r\nYou need to use these aggregations in a WITH clause as you did with your earlier count in the query.\r\n\r\nChange the query to this and it should work:\r\n\r\n```\r\nMATCH (b:Blog)-[r:liked]-(p:Post)-[:tagged]-(t:Tag)\r\nWHERE t.content = &quot;dog&quot;\r\nWITH b, COUNT(r) as interaction_count\r\n\r\nMATCH (b:Blog)-[posted:posted_by]-(:Post)-[:tagged]-(t:Tag)\r\n\r\nWITH b,interaction_count, COUNT(posted) as p\r\nWHERE p&lt;10 \r\n\r\nRETURN b, interaction_count\r\nORDER BY interaction_count DESC\r\nLIMIT 10\r\n```\r\n\r\nThe only difference is that I broke your &quot;WHERE&quot; into a &quot;WITH/WHERE&quot; pattern",
              "include": true
            },
            {
              "name": "score",
              "type": "integer",
              "sample": "1",
              "include": true
            },
            {
              "name": "uuid",
              "type": "integer",
              "sample": "69272967",
              "include": true
            }
          ]
        },
        "stackoverflow.nodes.Question.csv": {
          "expanded": false,
          "fields": [
            {
              "name": "question_id",
              "type": "integer",
              "sample": "0",
              "include": true
            },
            {
              "name": "link",
              "type": "string",
              "sample": "https://stackoverflow.com/q/65697972",
              "include": true
            },
            {
              "name": "accepted_answer_id",
              "type": "integer",
              "sample": "65954158",
              "include": true
            },
            {
              "name": "creation_date",
              "type": "integer",
              "sample": "1610525782",
              "include": true
            },
            {
              "name": "view_count",
              "type": "integer",
              "sample": "70",
              "include": true
            },
            {
              "name": "answer_count",
              "type": "integer",
              "sample": "1",
              "include": true
            },
            {
              "name": "body_markdown",
              "type": "string",
              "sample": "I want to create a graph from my recursive JSON file. My JSON data is given below.\r\n\r\n```{\r\n  &quot;ChildNodes&quot;:[\r\n    {\r\n      &quot;ChildNodes&quot;:[\r\n        {\r\n          &quot;ChildNodes&quot;:[\r\n            {\r\n              &quot;ChildNodes&quot;:[\r\n                {\r\n                  &quot;ChildNodes&quot;:[\r\n                    {\r\n                      &quot;FSId&quot;:1,\r\n                      &quot;FileDetailId&quot;:1862,\r\n                      &quot;FileId&quot;:1225,\r\n                      &quot;FileName&quot;:&quot;tables&quot;,\r\n                      &quot;Type&quot;:[\r\n                        &quot;DI&quot;\r\n                      ],\r\n                      &quot;collapsed&quot;:1\r\n                    }\r\n                  ],\r\n                  &quot;FSId&quot;:1,\r\n                  &quot;FileDetailId&quot;:1861,\r\n                  &quot;FileId&quot;:1224,\r\n                  &quot;FileName&quot;:&quot;Components&quot;,\r\n                  &quot;Type&quot;:[\r\n                    &quot;DI&quot;\r\n                  ],\r\n                  &quot;collapsed&quot;:1\r\n                },\r\n                {\r\n                  &quot;FSId&quot;:1,\r\n                  &quot;FileDetailId&quot;:1885,\r\n                  &quot;FileId&quot;:1247,\r\n                  &quot;FileName&quot;:&quot;Filters&quot;,\r\n                  &quot;Type&quot;:[\r\n                    &quot;DI&quot;\r\n                  ],\r\n                  &quot;collapsed&quot;:1\r\n                },\r\n                {\r\n                  &quot;FSId&quot;:1,\r\n                  &quot;FileDetailId&quot;:1894,\r\n                  &quot;FileId&quot;:1253,\r\n                  &quot;FileName&quot;:&quot;SFXPlugins&quot;,\r\n                  &quot;Type&quot;:[\r\n                    &quot;DI&quot;\r\n                  ],\r\n                  &quot;collapsed&quot;:1\r\n                },\r\n                {\r\n                  &quot;FSId&quot;:1,\r\n                  &quot;FileDetailId&quot;:1899,\r\n                  &quot;FileId&quot;:1255,\r\n                  &quot;FileName&quot;:&quot;SonicResources&quot;,\r\n                  &quot;Type&quot;:[\r\n                    &quot;DI&quot;\r\n                  ],\r\n                  &quot;collapsed&quot;:1\r\n                },\r\n                {\r\n                  &quot;FSId&quot;:1,\r\n                  &quot;FileDetailId&quot;:1901,\r\n                  &quot;FileId&quot;:1257,\r\n                  &quot;FileName&quot;:&quot;style&quot;,\r\n                  &quot;Type&quot;:[\r\n                    &quot;DI&quot;\r\n                  ],\r\n                  &quot;collapsed&quot;:1\r\n                },\r\n                {\r\n                  &quot;ChildNodes&quot;:[\r\n                    {\r\n                      &quot;ChildNodes&quot;:[\r\n                        {\r\n                          &quot;ChildNodes&quot;:[\r\n                            {\r\n                              &quot;FSId&quot;:1,\r\n                              &quot;FileDetailId&quot;:1905,\r\n                              &quot;FileId&quot;:1262,\r\n                              &quot;FileName&quot;:&quot;Symphony&quot;,\r\n                              &quot;Type&quot;:[\r\n                                &quot;DI&quot;\r\n                              ],\r\n                              &quot;collapsed&quot;:1\r\n                            }\r\n                          ],\r\n                          &quot;FSId&quot;:1,\r\n                          &quot;FileDetailId&quot;:1904,\r\n                          &quot;FileId&quot;:1260,\r\n                          &quot;FileName&quot;:&quot;Symphony&quot;,\r\n                          &quot;Type&quot;:[\r\n                            &quot;DI&quot;\r\n                          ],\r\n                          &quot;collapsed&quot;:1\r\n                        }\r\n                      ],\r\n                      &quot;FSId&quot;:1,\r\n                      &quot;FileDetailId&quot;:1903,\r\n                      &quot;FileId&quot;:1259,\r\n                      &quot;FileName&quot;:&quot;NTSC&quot;,\r\n                      &quot;Type&quot;:[\r\n                        &quot;DI&quot;\r\n                      ],\r\n                      &quot;collapsed&quot;:1\r\n                    },\r\n                    {\r\n                      &quot;ChildNodes&quot;:[\r\n                        {\r\n                          &quot;ChildNodes&quot;:[\r\n                            {\r\n                              &quot;FSId&quot;:1,\r\n                              &quot;FileDetailId&quot;:1910,\r\n                              &quot;FileId&quot;:1267,\r\n                              &quot;FileName&quot;:&quot;Symphony&quot;,\r\n                              &quot;Type&quot;:[\r\n                                &quot;DI&quot;\r\n                              ],\r\n                              &quot;collapsed&quot;:1\r\n                            }\r\n                          ],\r\n                          &quot;FSId&quot;:1,\r\n                          &quot;FileDetailId&quot;:1909,\r\n                          &quot;FileId&quot;:1265,\r\n                          &quot;FileName&quot;:&quot;Symphony&quot;,\r\n                          &quot;Type&quot;:[\r\n                            &quot;DI&quot;\r\n                          ],\r\n                          &quot;collapsed&quot;:1\r\n                        }\r\n                      ],\r\n                      &quot;FSId&quot;:1,\r\n                      &quot;FileDetailId&quot;:1908,\r\n                      &quot;FileId&quot;:1264,\r\n                      &quot;FileName&quot;:&quot;PAL&quot;,\r\n                      &quot;Type&quot;:[\r\n                        &quot;DI&quot;\r\n                      ],\r\n                      &quot;collapsed&quot;:1\r\n                    }\r\n                  ],\r\n                  &quot;FSId&quot;:1,\r\n                  &quot;FileDetailId&quot;:1902,\r\n                  &quot;FileId&quot;:1258,\r\n                  &quot;FileName&quot;:&quot;Styles&quot;,\r\n                  &quot;Type&quot;:[\r\n                    &quot;DI&quot;\r\n                  ],\r\n                  &quot;collapsed&quot;:1\r\n                }\r\n              ],\r\n              &quot;FSId&quot;:1,\r\n              &quot;FileDetailId&quot;:1860,\r\n              &quot;FileId&quot;:1216,\r\n              &quot;FileName&quot;:&quot;CreateDisc&quot;,\r\n              &quot;Type&quot;:[\r\n                &quot;DI&quot;\r\n              ],\r\n              &quot;collapsed&quot;:1\r\n            },\r\n            {\r\n              &quot;FSId&quot;:1,\r\n              &quot;FileDetailId&quot;:1913,\r\n              &quot;FileId&quot;:1269,\r\n              &quot;FileName&quot;:&quot;de-DE&quot;,\r\n              &quot;Type&quot;:[\r\n                &quot;DI&quot;\r\n              ],\r\n              &quot;collapsed&quot;:1\r\n            },\r\n            {\r\n              &quot;FSId&quot;:1,\r\n              &quot;FileDetailId&quot;:1994,\r\n              &quot;FileId&quot;:1298,\r\n              &quot;FileName&quot;:&quot;en-US&quot;,\r\n              &quot;Type&quot;:[\r\n                &quot;DI&quot;\r\n              ],\r\n              &quot;collapsed&quot;:1\r\n            },\r\n            {\r\n              &quot;ChildNodes&quot;:[\r\n                {\r\n                  &quot;FSId&quot;:1,\r\n                  &quot;FileDetailId&quot;:2050,\r\n                  &quot;FileId&quot;:1328,\r\n                  &quot;FileName&quot;:&quot;X02&quot;,\r\n                  &quot;Type&quot;:[\r\n                    &quot;DI&quot;\r\n                  ],\r\n                  &quot;collapsed&quot;:1\r\n                }\r\n              ],\r\n              &quot;FSId&quot;:1,\r\n              &quot;FileDetailId&quot;:2049,\r\n              &quot;FileId&quot;:1327,\r\n              &quot;FileName&quot;:&quot;MCX&quot;,\r\n              &quot;Type&quot;:[\r\n                &quot;DI&quot;\r\n              ],\r\n              &quot;collapsed&quot;:1\r\n            },\r\n            {\r\n              &quot;FSId&quot;:1,\r\n              &quot;FileDetailId&quot;:2066,\r\n              &quot;FileId&quot;:1330,\r\n              &quot;FileName&quot;:&quot;MediaRenderer&quot;,\r\n              &quot;Type&quot;:[\r\n                &quot;DI&quot;\r\n              ],\r\n              &quot;collapsed&quot;:1\r\n            },\r\n            {\r\n              &quot;FSId&quot;:1,\r\n              &quot;FileDetailId&quot;:2091,\r\n              &quot;FileId&quot;:1335,\r\n              &quot;FileName&quot;:&quot;sk-SK&quot;,\r\n              &quot;Type&quot;:[\r\n                &quot;DI&quot;\r\n              ],\r\n              &quot;collapsed&quot;:1\r\n            },\r\n            {\r\n              &quot;ChildNodes&quot;:[\r\n                {\r\n                  &quot;FSId&quot;:1,\r\n                  &quot;FileDetailId&quot;:2108,\r\n                  &quot;FileId&quot;:1359,\r\n                  &quot;FileName&quot;:&quot;de-DE&quot;,\r\n                  &quot;Type&quot;:[\r\n                    &quot;DI&quot;\r\n                  ],\r\n                  &quot;collapsed&quot;:1\r\n                },\r\n                {\r\n                  &quot;FSId&quot;:1,\r\n                  &quot;FileDetailId&quot;:2116,\r\n                  &quot;FileId&quot;:1361,\r\n                  &quot;FileName&quot;:&quot;en-US&quot;,\r\n                  &quot;Type&quot;:[\r\n                    &quot;DI&quot;\r\n                  ],\r\n                  &quot;collapsed&quot;:1\r\n                }\r\n              ],\r\n              &quot;FSId&quot;:1,\r\n              &quot;FileDetailId&quot;:2106,\r\n              &quot;FileId&quot;:1350,\r\n              &quot;FileName&quot;:&quot;wow&quot;,\r\n              &quot;Type&quot;:[\r\n                &quot;DI&quot;\r\n              ],\r\n              &quot;collapsed&quot;:1\r\n            }\r\n          ],\r\n          &quot;FSId&quot;:1,\r\n          &quot;FileDetailId&quot;:1856,\r\n          &quot;FileId&quot;:1103,\r\n          &quot;FileName&quot;:&quot;ehome&quot;,\r\n          &quot;Type&quot;:[\r\n            &quot;DI&quot;\r\n          ],\r\n          &quot;collapsed&quot;:1\r\n        },\r\n        {\r\n          &quot;FSId&quot;:1,\r\n          &quot;FileDetailId&quot;:2120,\r\n          &quot;FileId&quot;:1363,\r\n          &quot;FileName&quot;:&quot;en&quot;,\r\n          &quot;Type&quot;:[\r\n            &quot;DI&quot;\r\n          ],\r\n          &quot;collapsed&quot;:1\r\n        },\r\n        {\r\n          &quot;FSId&quot;:1,\r\n          &quot;FileDetailId&quot;:2122,\r\n          &quot;FileId&quot;:1365,\r\n          &quot;FileName&quot;:&quot;en-US&quot;,\r\n          &quot;Type&quot;:[\r\n            &quot;DI&quot;\r\n          ],\r\n          &quot;collapsed&quot;:1\r\n        },\r\n        {\r\n          &quot;FSId&quot;:1,\r\n          &quot;FileDetailId&quot;:2135,\r\n          &quot;FileId&quot;:1376,\r\n          &quot;FileName&quot;:&quot;Fonts&quot;,\r\n          &quot;Type&quot;:[\r\n            &quot;DI&quot;\r\n          ],\r\n          &quot;collapsed&quot;:1\r\n        },\r\n        {\r\n          &quot;ChildNodes&quot;:[\r\n            {\r\n              &quot;FSId&quot;:1,\r\n              &quot;FileDetailId&quot;:3117,\r\n              &quot;FileId&quot;:2927,\r\n              &quot;FileName&quot;:&quot;config&quot;,\r\n              &quot;Type&quot;:[\r\n                &quot;DI&quot;\r\n              ],\r\n              &quot;collapsed&quot;:1\r\n            }\r\n          ],\r\n          &quot;FSId&quot;:1,\r\n          &quot;FileDetailId&quot;:2956,\r\n          &quot;FileId&quot;:2118,\r\n          &quot;FileName&quot;:&quot;System32&quot;,\r\n          &quot;Type&quot;:[\r\n            &quot;DI&quot;\r\n          ],\r\n          &quot;collapsed&quot;:1\r\n        }\r\n      ],\r\n      &quot;FSId&quot;:1,\r\n      &quot;FileDetailId&quot;:1844,\r\n      &quot;FileId&quot;:1051,\r\n      &quot;FileName&quot;:&quot;Windows&quot;,\r\n      &quot;Type&quot;:[\r\n        &quot;DI&quot;\r\n      ],\r\n      &quot;collapsed&quot;:1\r\n    },\r\n    {\r\n      &quot;FSId&quot;:1,\r\n      &quot;FileDetailId&quot;:3813,\r\n      &quot;FileId&quot;:3072,\r\n      &quot;FileName&quot;:&quot;$OrphanFiles&quot;,\r\n      &quot;Type&quot;:[\r\n        &quot;DI&quot;,\r\n        &quot;IN&quot;\r\n      ],\r\n      &quot;collapsed&quot;:1\r\n    }\r\n  ],\r\n  &quot;FSId&quot;:1,\r\n  &quot;FileDetailId&quot;:0,\r\n  &quot;FileId&quot;:5,\r\n  &quot;FileName&quot;:&quot;C:&quot;,\r\n  &quot;Type&quot;:[\r\n    &quot;DI&quot;\r\n  ],\r\n  &quot;collapsed&quot;:1\r\n}\r\n\r\n```\r\n\r\nI found solution in this link useful to me for building my graph - https://community.neo4j.com/t/import-nodes-from-recursively-structured-json/11704\r\nI was able to build the graph with the help of above mentioned link. I used the query given below.\r\n\r\n```\r\nWITH &#39;file:///part-of-VTree.json&#39; AS json_file\r\nCALL apoc.load.json(json_file,&quot;..FileId&quot;) YIELD value AS result \r\nWITH json_file, result.result AS keys \r\nUNWIND range(0,size(keys)-1) AS i \r\nCALL apoc.load.json(json_file,&quot;..[?(@.FileId == &#39;&quot; + toString(keys[i]) + &quot;&#39;)].ChildNodes[*].FileId&quot;) YIELD value AS children\r\nWITH keys[i] AS parent_key, children.result AS children\r\nMERGE (parent:GroupNode {name: parent_key})\r\nWITH parent, children\r\nUNWIND children as child_key\r\nMERGE (child:GroupNode {name: child_key})\r\nMERGE (child)-[:CHILD_OF]-&gt;(parent)\r\nRETURN *\r\n```\r\n\r\nThis created a graph with nodes having &quot;FileId&quot; mentioned on it , as I was giving &quot;FileId&quot; as &quot;name&quot; property. When I change my query as below\r\n\r\n```\r\nWITH &#39;file:///part-of-VTree.json&#39; AS json_file\r\nCALL apoc.load.json(json_file,&quot;..FileId&quot;) YIELD value AS result \r\nWITH json_file, result.result AS keys \r\nUNWIND range(0,size(keys)-1) AS i \r\nCALL apoc.load.json(json_file,&quot;..[?(@.FileId == &#39;&quot; + toString(keys[i]) + &quot;&#39;)].ChildNodes[*].FileId&quot;) YIELD value AS children\r\nWITH keys[i] AS parent_key, children.result AS children\r\nMERGE (parent:GroupNode {Fid: parent_key})\r\nWITH parent, children\r\nUNWIND children as child_key\r\nMERGE (child:GroupNode {Fid: child_key})\r\nMERGE (child)-[:CHILD_OF]-&gt;(parent)\r\nRETURN *\r\n```\r\n\r\nIt gives me a graph with nodes which has nothing mentioned on it. Earlier I was getting nodes with &quot;FileId&quot; mentioned on it.\r\nwhat I want is nodes with &quot;FileName&quot; mentioned on it and &quot;FileId&quot; as its property.\r\n\r\nWith my current query I am not able to set properties for my node. Is there any way to set properties for my node and display &quot;FileName&quot; on nodes. &quot;FileName&quot; is not always unique so I can&#39;t create graph by extracting all &quot;FileName&quot; instead of &quot;FileId&quot;.\r\n&quot;FileId&quot; is always unique in my case.\r\n\r\nCan anyone help me in some way to get my desired result. I need some help.\r\nThanks in advance!",
              "include": true
            },
            {
              "name": "uuid",
              "type": "integer",
              "sample": "65697972",
              "include": true
            },
            {
              "name": "title",
              "type": "string",
              "sample": "Create graph from recursive JSON data using apoc.load.json and use UNWIND and FOREACH for setting property",
              "include": true
            }
          ]
        }
      }
    },
    "graphModel": {
      "nodeSchemas": {
        "n0": {
          "label": "Question",
          "additionLabels": [],
          "labelProperties": [],
          "properties": [
            {
              "property": "question_id",
              "type": "integer",
              "identifier": "No5V1yKN3MaYUtpHZH9tJ"
            },
            {
              "property": "link",
              "type": "string",
              "identifier": "cT0256n_c0Bf-Y8NZMU6d"
            },
            {
              "property": "accepted_answer_id",
              "type": "integer",
              "identifier": "E88zWEirfkmybNQX6QgT3"
            },
            {
              "property": "creation_date",
              "type": "integer",
              "identifier": "LqnErD9c7z50gPyCGA-HY"
            },
            {
              "property": "view_count",
              "type": "integer",
              "identifier": "kO1VOLXGB04D7z675sIqU"
            },
            {
              "property": "answer_count",
              "type": "integer",
              "identifier": "s9AfoPQwqTIa8P0fSE6qD"
            },
            {
              "property": "body_markdown",
              "type": "string",
              "identifier": "8822sv-pR_oikwbwJLzty"
            },
            {
              "property": "uuid",
              "type": "integer",
              "identifier": "RVG74R_UGRWW7OOEt9oci"
            },
            {
              "property": "title",
              "type": "string",
              "identifier": "o602_473vj34IlgrxxMVg"
            }
          ],
          "key": {
            "properties": [
              "No5V1yKN3MaYUtpHZH9tJ"
            ]
          }
        },
        "n1": {
          "label": "Answer",
          "additionLabels": [],
          "labelProperties": [],
          "properties": [
            {
              "property": "answer_id",
              "type": "integer",
              "identifier": "27W-RcymwM7mqXQ-rOB7R"
            },
            {
              "property": "link",
              "type": "string",
              "identifier": "S20XdGxeosrruMQG-c9PV"
            },
            {
              "property": "title",
              "type": "string",
              "identifier": "QwwdSHycNLzO0no0E2Bln"
            },
            {
              "property": "is_accepted",
              "type": "boolean",
              "identifier": "4lqKGNITOOfNGobMFKdoX"
            },
            {
              "property": "body_markdown",
              "type": "string",
              "identifier": "p_ui1UHrWfF8sn5bpkCSN"
            },
            {
              "property": "score",
              "type": "integer",
              "identifier": "XNvwCCueCwFbvEerdTmEq"
            },
            {
              "property": "uuid",
              "type": "integer",
              "identifier": "mKoS3qvAHToc3NYhVIhyb"
            }
          ],
          "key": {
            "properties": [
              "27W-RcymwM7mqXQ-rOB7R"
            ]
          }
        },
        "n2": {
          "label": "Comment",
          "additionLabels": [],
          "labelProperties": [],
          "properties": [
            {
              "property": "comment_id",
              "type": "integer",
              "identifier": "OzhkpRlNxWthXpWFh7w23"
            },
            {
              "property": "score",
              "type": "integer",
              "identifier": "lyGKmwdkGeJxjWwVXocLD"
            },
            {
              "property": "uuid",
              "type": "integer",
              "identifier": "9zpkyW7HudAWyigjb_Z7I"
            },
            {
              "property": "link",
              "type": "string",
              "identifier": "nVgGZi-0yJKd5GiiCAYRf"
            }
          ],
          "key": {
            "properties": [
              "OzhkpRlNxWthXpWFh7w23"
            ]
          }
        },
        "n3": {
          "label": "User",
          "additionLabels": [],
          "labelProperties": [],
          "properties": [
            {
              "property": "user_id",
              "type": "integer",
              "identifier": "eo0YsUS1wcKPm1NPC_MNt"
            },
            {
              "property": "uuid",
              "type": "integer",
              "identifier": "aCTv6pbpbFZhBhuDL9Jvy"
            },
            {
              "property": "display_name",
              "type": "string",
              "identifier": "59yQ-2o75skhXMYJSduls"
            }
          ],
          "key": {
            "properties": [
              "eo0YsUS1wcKPm1NPC_MNt"
            ]
          }
        },
        "n4": {
          "label": "Tag",
          "additionLabels": [],
          "labelProperties": [],
          "properties": [
            {
              "property": "tag_id",
              "type": "integer",
              "identifier": "8xyPOPffYmkuH_qdKLfxC"
            },
            {
              "property": "name",
              "type": "string",
              "identifier": "1frpU78uwkkCuzkchooc6"
            },
            {
              "property": "link",
              "type": "string",
              "identifier": "wuHuEZ7NakLcdJ--odMeH"
            }
          ],
          "key": {
            "properties": [
              "8xyPOPffYmkuH_qdKLfxC"
            ]
          }
        }
      },
      "relationshipSchemas": {
        "n0": {
          "type": "ANSWERED",
          "sourceNodeSchema": "n1",
          "targetNodeSchema": "n0",
          "properties": []
        },
        "n1": {
          "type": "TAGGED",
          "sourceNodeSchema": "n0",
          "targetNodeSchema": "n4",
          "properties": []
        },
        "n2": {
          "type": "ASKED",
          "sourceNodeSchema": "n3",
          "targetNodeSchema": "n0",
          "properties": []
        },
        "n3": {
          "type": "COMMENTED",
          "sourceNodeSchema": "n3",
          "targetNodeSchema": "n2",
          "properties": []
        },
        "n4": {
          "type": "COMMENTED_ON",
          "sourceNodeSchema": "n2",
          "targetNodeSchema": "n0",
          "properties": []
        },
        "n5": {
          "type": "PROVIDED",
          "sourceNodeSchema": "n3",
          "targetNodeSchema": "n1",
          "properties": []
        }
      }
    },
    "mappingModel": {
      "nodeMappings": {
        "n0": {
          "nodeSchema": "n0",
          "fileSchema": "stackoverflow.nodes.Question.csv",
          "mappings": [
            {
              "field": "question_id"
            },
            {
              "field": "link"
            },
            {
              "field": "accepted_answer_id"
            },
            {
              "field": "creation_date"
            },
            {
              "field": "view_count"
            },
            {
              "field": "answer_count"
            },
            {
              "field": "body_markdown"
            },
            {
              "field": "uuid"
            },
            {
              "field": "title"
            }
          ]
        },
        "n1": {
          "nodeSchema": "n1",
          "fileSchema": "stackoverflow.nodes.Answer.csv",
          "mappings": [
            {
              "field": "answer_id"
            },
            {
              "field": "link"
            },
            {
              "field": "title"
            },
            {
              "field": "is_accepted"
            },
            {
              "field": "body_markdown"
            },
            {
              "field": "score"
            },
            {
              "field": "uuid"
            }
          ]
        },
        "n2": {
          "nodeSchema": "n2",
          "fileSchema": "stackoverflow.nodes.Comment.csv",
          "mappings": [
            {
              "field": "comment_id"
            },
            {
              "field": "score"
            },
            {
              "field": "uuid"
            },
            {
              "field": "link"
            }
          ]
        },
        "n3": {
          "nodeSchema": "n3",
          "fileSchema": "stackoverflow.nodes.User.csv",
          "mappings": [
            {
              "field": "user_id"
            },
            {
              "field": "uuid"
            },
            {
              "field": "display_name"
            }
          ]
        },
        "n4": {
          "nodeSchema": "n4",
          "fileSchema": "stackoverflow.nodes.Tag.csv",
          "mappings": [
            {
              "field": "tag_id"
            },
            {
              "field": "name"
            },
            {
              "field": "link"
            }
          ]
        }
      },
      "relationshipMappings": {
        "n0": {
          "relationshipSchema": "n0",
          "mappings": [],
          "sourceMappings": [
            {
              "field": "answer_id"
            }
          ],
          "targetMappings": [
            {
              "field": "question_id"
            }
          ],
          "fileSchema": "stackoverflow.relationships.ANSWERED.csv"
        },
        "n1": {
          "relationshipSchema": "n1",
          "mappings": [],
          "sourceMappings": [
            {
              "field": "question_id"
            }
          ],
          "targetMappings": [
            {
              "field": "tag_id"
            }
          ],
          "fileSchema": "stackoverflow.relationships.TAGGED.csv"
        },
        "n2": {
          "relationshipSchema": "n2",
          "mappings": [],
          "sourceMappings": [
            {
              "field": "user_id"
            }
          ],
          "targetMappings": [
            {
              "field": "question_id"
            }
          ],
          "fileSchema": "stackoverflow.relationships.ASKED.csv"
        },
        "n3": {
          "relationshipSchema": "n3",
          "mappings": [],
          "sourceMappings": [
            {
              "field": "user_id"
            }
          ],
          "targetMappings": [
            {
              "field": "comment_id"
            }
          ],
          "fileSchema": "stackoverflow.relationships.COMMENTED.csv"
        },
        "n4": {
          "relationshipSchema": "n4",
          "mappings": [],
          "sourceMappings": [
            {
              "field": "comment_id"
            }
          ],
          "targetMappings": [
            {
              "field": "question_id"
            }
          ],
          "fileSchema": "stackoverflow.relationships.COMMENTED_ON.csv"
        },
        "n5": {
          "relationshipSchema": "n5",
          "mappings": [],
          "sourceMappings": [
            {
              "field": "user_id"
            }
          ],
          "targetMappings": [
            {
              "field": "answer_id"
            }
          ],
          "fileSchema": "stackoverflow.relationships.PROVIDED.csv"
        }
      }
    },
    "configurations": {
      "idsToIgnore": []
    }
  }
}