user_id,uuid,display_name
604,2236092,schernichkin
605,13993723,Damian Grzanka
606,5243272,sandrooco
607,12152568,Bobis
608,16377721,wanderingcatto
609,13997373,bguegan
610,1839104,Swordfish
611,5773084,Chris Wohlert
612,3507615,zulfi123786
613,15205110,Florian Bauer
614,8598739,Paras Bansal
615,9807545,Rasputin
616,4780428,Yoann Maingon
617,4052014,Marcos
618,5868325,Ahlem rhayem
619,12877858,MASTANELAL ABDULGAFAR KURESHI
620,16922964,sprint_6
621,10768865,Stephanie
622,12922429,Nayeer Mahiuddin
623,16909294,NoahH
624,16019754,NShini
625,15715772,user15715772
626,14320338,qxk71551
627,12979552,Rising Odegua
628,11318930,MikeB2019x
629,214416,mcv
630,16478442,Shubham Garg
631,403416,Niko
632,16878183,Madhumita Tripathy
633,4150078,sharp
634,2403344,Thomas J
635,14893,Peter Kelley
636,3612353,cn007b
637,711243,fodon
638,16877572,Nicolas Hovette
639,13583368,T-Man
640,5563585,Noor Khan
641,15998377,Nguyen Minh Thanh
642,6701496,degath
643,11288222,antonyj453
644,5095832,Krid
645,11977246,HashDhi
646,1467342,jstaab
647,9898033,Leonardo Stefan
648,5232641,Nadav Porat
649,12930834,Patrick Poppe
650,16854216,tlmoon
651,16648660,colinyuan
652,12334270,ablaszkiewicz1
653,7902076,Tristram Tolliday
654,4414246,David A Stumpf
655,1880548,Patrick White
656,15566286,ABCDEF
657,7897486,RR_514
658,2018084,Juicy
659,10838887,Lounis
660,10648414,slayer
661,376929,Martin Preusse
662,653539,Tom&#225;š Z&#225;lusk&#253;
663,29693,Pradeep
664,14860407,Riya Bisht
665,2516892,Qohelet
666,1716038,upadhyas
667,10953368,igeass
668,12691078,confusedstudent
669,394071,eerriicc
670,1030099,SteveS
671,16168358,novicious
672,3194545,almeynman
673,14631440,Hithesh Kk
674,2579014,Mahesh Jayachandran
675,3978694,Prabudda Sri Rahal
676,16705474,Flora Angel
677,16460491,nik12
678,16744786,DaveM
679,1190200,songololo
680,12438690,Tim B
681,3065671,user3065671
682,4788979,Dominus
683,15508740,PPSATO
684,3182397,Kristel
685,11028828,Eliot Ragueneau
686,11153902,fipse
687,11333043,StephM
688,11309781,郭孟然
689,6302131,Sancarn
690,16667991,kevko
691,13382785,np10
692,6549497,Cameron Davis
693,12678036,user12678036
694,16233708,mike
695,11509861,Silta
696,12688108,madiskou
697,14012490,FTRJ
698,11914657,Ciro Pinto-Coelho
699,14123841,SOMESH NANDKISHOR PANDE
700,12733135,marks
701,4183142,qwerty
702,3407477,Robert Fornesdale
703,3361967,Sama
704,11379619,alex
705,5134124,Harun Acar
706,16680194,Davide Moletta
707,15530685,distinct
708,15706514,Юлия Жулай
709,1006944,Selvakumar Ponnusamy
710,10968968,newbie
711,16672258,Laufer
712,275002,Volatil3
713,15312960,Momoe
714,13097647,ZXwwww
715,4984327,Sunny Pelletier
716,12507396,SimplyComple0x78
717,4527149,CdVr
718,6466536,Asher Yartsev
719,10016991,WilsonF
720,3815978,Erik
721,7730954,Prashant Suthar
722,5854709,David Beaudway
723,16644761,bazza
724,7630242,ShepherdQi
725,14119978,Karippery
726,14145890,Warwick Matthews
727,7781915,Rahul_Mandhane
728,15519314,Nirmal Mahen
729,12832679,penstrep
730,2433401,Paolo Di Pietro
731,8653377,Aayush Sharda
732,8084623,Max Power
733,13252673,ALevy
734,5444309,esjmb
735,16599189,Deepak pal
736,16598417,Motesh C Deshpande
737,8839237,Peter
738,16051261,dbzuk
739,4877962,merilstack
740,10472149,Yacine
741,9007228,routh mahesh
742,10834788,Aviral Srivastava
743,6083505,J.Azur
744,1400648,Yampeku
745,927477,Avner Levy
746,332957,William
747,1302578,Shivakant
748,10918680,user173729
749,9851028,Natwar
750,6245650,Scratch&#39;N&#39;Purr
751,356282,DatsunBing
752,16451967,Rochak Bhusal
753,1891766,Deniz
754,8425091,stevenH
755,16560108,NoobD0gg
756,11993080,lpp
757,4765152,m4ng0o
758,16552381,ryan
759,2942471,manonthemat
760,14134099,Nam Kim
761,16201952,David Onafuwa
762,16547593,User992
763,9015861,Gram
764,4408691,irfan shahzad
765,16297372,Nidhi Verma
766,14017699,Jason_L
767,16504736,Joe.Shepard12
768,736755,andrew
769,6687545,Armen Sanoyan
770,16528037,dswysb
771,8547589,Raj
772,10189759,Luk Aron
773,13991786,trannguyenhan
774,16178943,inputslider
775,11971373,damsen
776,11743024,Ishant Dahiya
777,14335972,Alexandr Zyurkalov
778,1886562,Victor
779,8730393,cpl
780,6491652,Ching Yaw Hao
781,5868431,Nischal Kumar
782,7475615,AlexZeDim
783,8988511,Avishay Shapira
784,67015,lostiniceland
785,16465145,Adam
786,7357621,ainsausti
787,15001469,Savanah Marisa Barnes
788,9764838,Alexis Pister
789,2281066,xion
790,14832529,asdf
791,13954853,Ghislaine Boogerd
792,11944526,AARON SHAH
793,663447,Harry
794,16401907,Abhishek Maheshwari
795,1186523,uylmz
796,16220825,Tien Vu
797,11529280,smallbirds
798,639259,Romain Bruckert
799,16393966,Joshua Leung
800,15415070,Gauthier Cornec
801,4867356,koD
802,1146785,dcsan
803,10454024,Fizzler
804,14783333,Ranjana Jha
805,59689,Kevin Busch
806,2734453,NumericOverflow
807,5939456,A. Debugne
808,16366729,Alex Sukachov
809,7084380,Christian Mayr
810,15769579,mcklmo
811,11913986,Strayhorn
812,13203537,e25548
813,15130749,Tous Shahedian-Farid
814,13638243,Neotenic Primate
815,1187968,user1187968
816,13706114,Shankar Mamba
817,13627454,Sbunzini
818,15488978,Sandro Martens
819,16341967,JMac
820,8155523,Cyll Aldahir
821,14840480,Reacting Innocent
822,14252219,Madhan Kumar
823,11350627,rosalini
824,11863556,Chance
825,14385235,rgevil
826,641652,user641652
827,9773847,Nyamkhuu Buyanjargal
828,8250743,Steph van Schalkwyk
829,13124249,qlabfgerkaSmurf
830,14244437,pzvkn
831,16307161,Apeksha Barve
832,6620206,Karan Dhir
833,7082331,Yehuda Bortz
834,2118610,kemaru
835,4740706,RB17
836,12203194,SzK
837,8701077,Simon
838,6938475,Vikas Pandey
839,12129579,Stef van Stipdonk
840,3318517,Daniel Darabos
841,12655955,paulowe
842,8375053,Bertrand Leroy
843,12900499,Sherlock_Hound
844,529286,zakmck
845,1007758,Jacob Krieg
846,15802322,Umair Ahmed
847,13190353,Fuxi
848,4135613,esilik
849,16276854,Guai Zi Wei
850,9984976,Chinmay Dali
851,16263446,Anupurba Mitra
852,11254259,kevin
853,4769922,Kunal Ghosh Roy
854,1967570,amit kumar gyandeep
855,16218234,NoviceY
856,14119016,AAkash Karmacharya
857,16249395,Maryam Fardost
858,15112716,pmzz
859,6725768,Myungjin Lee
860,5290519,Rainning
861,13850427,thatkingguy_
862,2779330,Bojan Vukasovic
863,1879109,iamsmkr
864,5814211,Philson Manarcad
865,16238559,SangGi Lee
866,1219755,alexanoid
867,2636044,Onilol
868,3647970,jar
869,5060300,Ganbel
870,12169560,Varun Gawande
871,10386777,Fabienne Lablatte
872,14287399,user14287399
873,7367763,amerej
874,16205743,Loren
875,2229979,Alecu Marian Alexandru
876,16196306,Simo400
877,14728691,jos97
878,2550614,Dan L
879,12025006,flaviuratiu
880,12091293,Raj
881,16183820,Wim Dewet
882,1780767,Andy Gout
883,16179071,Amine
884,16175159,Thiziri
885,14022476,Kunika Kulkarni
886,10816027,Om Rastogi
887,8216204,mrpandey
888,16160459,potato2049
889,2821152,robolivares
890,13556366,junior siembe
891,16138885,vyaches
892,5541146,Fighter
893,9917088,Stefan Schilling
894,15400827,cb420
895,15841461,Nando94
896,5809485,Samual
897,15632898,Prateek
898,15354952,EREN
899,11013728,Nicolapo
900,7859787,jianming
901,12683209,John Kendall
902,10081736,Rahul Agarwal
903,9204733,breakingduck
904,16106288,Erez Firt
905,15084174,efejdlek
906,14543257,jd_addy
907,16093515,Iosanrriu
908,6108697,TiMeJuMp
909,1501468,Piyush Srivastava
910,3017219,Wenzel
911,4286641,jernejP
912,4706045,ASHMIL HUSSAIN K
913,16082225,benjieos
914,230780,Shayan
915,13135931,Squarerootofpi
916,3897214,Antony
917,15278421,Eyal Hadad
918,3852496,Greeneco
919,12107239,rcepre
920,10797740,Oussama Selmani
921,1488184,efotopoulou
922,10211694,Trần Tuấn Anh
923,13742950,AnxiousConcert
924,16033439,ShaoBaoEr
925,5321660,Ajith Gopi
926,10912170,Sha
927,11312618,TR RAO
928,10351574,Pavan Kumar Kattamuri
929,7701803,Ferry Simangunsong
930,11447688,young_minds1
931,1313016,user1313016
932,1467631,david
933,10906068,Nancy Moore
934,8164424,satish pujara
935,15866327,Xiuwen Zheng
936,5257286,pymat
937,16006636,Ayush Raj
938,16000292,yosineyo 
939,7975232,ramya
940,630269,selle
941,15989614,Chef123
942,11148618,BeautifulBee
943,15865961,aumm-e-hani Munir
944,3943868,marlon
945,15718697,Karuna
946,10879339,chandra mohan
947,15943376,Yati Rainpara
948,13077467,ben stear
949,2895411,nikolai.serdiuk
950,15924457,Pongo96
951,6209177,Mani Muthu. K
952,15922697,yet_to_develop
953,9148757,Greg
954,10287036,ThirstForKnowledge
955,12666701,ao shi
956,6480091,everythingwastaken
957,15908651,Chaitan
958,15907144,Olsha_3289
959,13775995,Thomas Pries
960,90416,NSA
961,6479562,samuel taylor
962,10581981,user10581981
963,8484783,Marc
964,10020283,mcsoini
965,6580288,Jakub Bares
966,2167741,user2167741
967,15885857,Felix D
968,13399233,user13399233
969,12318756,Farjam Ramezan pour
970,15209263,Mehmet Sezer
971,12686286,Onyx
972,5792340,Adamantios Marios Berzovitis
973,1477415,Tobias Oberrauch
974,10590909,Michael Weatherby
975,8147440,Sudhir_Dontha
976,7599734,Mariano Zunino
977,6410582,Robmattles
978,10362824,Aanchal Agarwal
979,10662977,Samuel Squire
980,14832279,Mirs405
981,15832530,elio raca
982,4457591,Miguel
983,3193861,user3193861
984,12607075,Rohith
985,8071348,cccfran
986,10578649,Roman Korobko
987,3709953,Sanjay Singh
988,13934618,pat_triccia
989,15795370,Stefan
990,15799110,Matt Murphy
991,1496433,user1496433
992,2529955,Manos Nathanail
993,8963483,Vikrant chaudhary
994,7449802,Ravi
995,4996534,Rheatey Bash
996,15560993,benwasin97
997,15054899,Paulus
998,1029926,Somasundaram Sekar
999,15697084,Richard
1000,4933403,Bishwajit Purkaystha
1001,15773420,mythik
1002,7637120,Roman Puchkovskiy
1003,10305444,Maifee Ul Asad
1004,14451710,Shreya B
1005,188882,Patrick
1006,7936320,Meet
1007,4441239,Moni
1008,11658603,T. de Jong
1009,11304461,Brat
1010,712347,Aerodynamika
1011,13105812,Jerome Durham
1012,15700193,lucas lucas
1013,15596114,doc
1014,4817618,aary trivedi
1015,2485454,aks
1016,7200043,Kannan c
1017,3324298,notANerdDev
1018,14246206,Rob Brand
1019,11829057,Karel Debedts
1020,7986942,Matt Larson
1021,8866889,Awais Qureshi
1022,15661321,KarolW
1023,86890,Dave Babbitt
1024,2628048,Rudolf Schmidt
1025,11019303,Sniper
1026,9424416,ak2492
1027,9611562,francesco foschi
1028,9334717,RustySkull
1029,2040653,Joe
1030,15642805,Madhavan Salai
1031,15081108,Vader.219k
1032,2091291,stevietheTV
1033,13579247,Jie W
1034,262235,ms007
1035,3127111,watery
1036,15618499,ams
1037,13312666,Ruchaa Nandgirikar
1038,14700833,suribe06
1039,4183601,Balael
1040,13182892,Florian Schummer
1041,2657121,iPhoneJavaDev
1042,13466397,alyferryhalo
1043,3644714,dav04
1044,15364102,Iza
1045,10538034,Andrei Cristian TUDOR
1046,1320619,jhylands
1047,13356176,Kuchibecka
1048,12214266,HNO
1049,4482088,rajmeet singh
1050,7412939,Doug
1051,14847203,Sebastien Fauque
1052,15582613,Pankaz Kumar
1053,11889602,Loic RW
1054,6546800,Kshitij 
1055,13235889,ottonormal
1056,15463889,zummino
1057,303114,danfromisrael
1058,15180274,Asim
1059,15578508,dngheelee
1060,15578259,thirsd
1061,15565701,Dipali Meher
1062,13440925,Kevin
1063,15136864,Sevy
1064,5319625,Oleg Gritsak
1065,14953826,nervoustimewaster
1066,15551890,1872058 Aldrich Sancho Sapata 
1067,6569899,afriedman111
1068,14226093,vasant kumar chinnipilli
1069,140473,JasonG
1070,14020586,SichengYo
1071,15127452,Ilnaz Nikseresht
1072,15529337,computer
1073,5548540,Tin Nguyen
1074,11216698,Daniel Jeney
1075,1566397,tjarvstrand
1076,15527538,Aur&#233;lie Nuttall
1077,322513,Slaus
1078,590442,Jerome_B
1079,7450286,Freid001
1080,2237068,Roman
1081,845407,Richard Urwin
1082,12544202,Anh
1083,15337425,The_KidCoder
1084,4527069,Mokshed Kaushik
1085,10112385,Michael de Groot
1086,15118442, kappaisagreekletter
1087,6657837,Turkhan Badalov
1088,11518809,David George
1089,15487359,D Duo
1090,13970886,Robin Singh
1091,6913235,Amir
1092,10751343,S. Florin
1093,15265346,Artur
1094,15474910,Dhruv Chawla
1095,14831061,eric
1096,1805665,megatrond
1097,12562657,tenetwang
1098,1756989,randulfir
1099,498007,Davina Leong
1100,1978931,Dayel Ostraco
1101,384556,leon22
1102,15456036,basefrequency
1103,13693027,doumane
1104,14071691,FEldin
1105,9730783,TechXpert
1106,2151387,dikkini
1107,11986300,Steve Hendra
1108,5094465,Zach
1109,5120817,lpt
1110,13606345,Burakhan Aksoy
1111,875709,Viral
1112,15424101,niablo
1113,15145256,Yurty123
1114,10551106,Elie Ker Arno
1115,3579212,adnanmuttaleb
1116,902885,frazman
1117,829132,Damian
1118,13338038,Marcos Ojeda
1119,1062835,jOOsko
1120,6054404,Spatial Digger
1121,1205245,Pratik M
1122,14979027,jharoldo
1123,13040322,Mason Edmison
1124,1391376,chiffa
1125,15110670,Ryan
1126,1747274,Vivek
1127,2328064,joshfindit
1128,15067000,K R
1129,15391054,merryroversrule
1130,5712621,IS92
1131,12036799,LAKSHYA AGARWAL
1132,6847441,S0m30n3
1133,15389429,Sebastian
1134,10362756,Caroline
1135,1592334,lee
1136,15381808,alok
1137,1537744,b3rt0
1138,14264733,nieyuan1980
1139,9537658,dimonD
1140,15377020,Tom Roman
1141,8705893,Javier Szmajser
1142,10408834,Arun Singhal
1143,989764,Aslak
1144,13784823,qjbx
1145,15365270,Baskar Reddy
1146,14629407,Peter Latham Lewis
1147,1104397,chaugen1
1148,15360947,Manoj Joshi
1149,5329972,Indra K
1150,5366122,Surbhi
1151,15341187,badar
1152,11544828,karthikreddy 1080
1153,885053,Adrien Lemaire
1154,5025872,Eduardo A. Fern&#225;ndez D&#237;az
1155,14397323,Jason
1156,7868758,Nilan Saha
1157,10727614,Grey Black
1158,332558,jelly5798
1159,15330173,Richard Pinto
1160,5171759,deano
1161,1102691,krtkush
1162,2092322,BairDev
1163,3856221,doei
1164,80002,mark
1165,11150376,Jennifer L
1166,5983006,user5983006
1167,10917316,KTTRLD
1168,2716010,Colin Skow
1169,9312373,B D T
1170,1283752,CodeOwl
1171,580406,kaidentity
1172,5336111,PorkchopDonut
1173,1554448,David Farrell
1174,8352705,W Franklin Simbeye
1175,11109253,daniel zimlichman
1176,9909881,Rakos
1177,7674181,Connor Campbell
1178,10668506,L. Busekrus
1179,2949292,Amit
1180,6660373,Pygirl
1181,737297,Mike Furlender
1182,320263,heorling
1183,15280743,Kenny Votava
1184,14791020,Kien Nguyen
1185,15279796,Ian
1186,12090100,Sasi
1187,10817503,Delphine Prinet
1188,15268425,Ramya Rishikesh
1189,8874688,pooja narayan
1190,5072383,joethemow
1191,4073262,gzsun
1192,3302958,sam1364tt
1193,4969937,merve
1194,524283,hillel
1195,5495647,argoc
1196,14716251,PetyrBaelish
1197,671013,Dror
1198,6249490,Harvey
1199,8172217,ck22
1200,4909563,zulqarnain
1201,1854789,Zofren
1202,11769305,Thomas Kaminski
1203,15230256,Chronic95
1204,7171837,Hari Nadh
1205,15227315,Oleg K.
1206,9692051,blakesters
1207,4404343,Aiswarya Rajagopalan
1208,2557010,tmptplayer
1209,9168181,Thokle
1210,8214988,Michael H
1211,4336344,Lahiru Udana
1212,1817988,user1817988
1213,8318627,Learn Go
1214,13635165,Daniel Davies
1215,14105496,1nkotb
1216,11832891,Cinya
1217,11404905,Anu
1218,15177739,fruta
1219,12475445,B89
1220,15169804,JabyCoby
1221,15168940,Michele
1222,5847124,ekydfejj
1223,2587904,Georg Heiler
1224,7191051,gorrch
1225,1820422,alex
1226,1597177,Redink
1227,7222555,Junior Ngangeli
1228,13895040,bmalbusca
1229,15151663,Nicola Alessandro Pugliese
1230,10335908,Ot&#225;vio Vasques
1231,12216487,akash
1232,11912331,Trent Fowler
1233,15135942,shell
1234,9577990,Nilesh Kathait
1235,15129151,fabad
1236,328725,posdef
1237,1369320,Zohaib
1238,5297838,DCB
1239,12388365,PabloG
1240,14544302,Priyankesh Raj
1241,13134499,Lukasmp3
1242,5860135,R_Kalavadiya
1243,572644,Daniel Hilgarth
1244,13918724,Mischa
1245,14364828,Chen
1246,10332974,Rintaro Zl
1247,12445111,Rich
1248,12207769,Jean
1249,9437949,Vimal23
1250,2086592,Narasimha Raja
1251,4230093,Hey StackExchange
1252,5470766,SHW
1253,9863796,Leslie Binbin
1254,843796,rf guy
1255,15032511,Rita
1256,15094141,Drum
1257,1823687,ibecar
1258,6591857,Qwerty
1259,13616301,phill
1260,7472655,אור כהן אופיר
1261,15085395,Al Learner
1262,4337224,Prog
1263,15084971,Natalia Z
1264,15084526,dan
1265,15084616,Dustin Waguespack
1266,12939452,m b
1267,12949097,user12949097
1268,8607482,Catalin
1269,9608006,Itay Tur
1270,1798940,user1798940
1271,14999175,Alejandro
1272,12097353,limonchellka
1273,4489733,mbudge
1274,15032670,enstricht
1275,13448436,Lazar Đorđević
1276,1467988,novalagung
1277,12304436,chim3yy
1278,6074455,MichaelE
1279,1241317,Nrgyzer
1280,12329048,Anna
1281,7909353,dhruv
1282,11577820,Noel
1283,1799324,Kshitij Mittal
1284,1604072,Dan Fein
1285,11598293,Jaap
1286,14197409,poemdaga
1287,8597585,Rollo Tomassi
1288,11486328,popier
1289,15031767,Ambar Singh
1290,15031037,Yok0
1291,3409352,Stack_IQ
1292,10415047,R2D2
1293,13893022,Kanuor
1294,3444483,Anouar
1295,5055594,Kushagra Mittal
1296,15016742,mailer345761
1297,11795650,Soumya Ranjan sahoo
1298,15012203,ananono
1299,13590314,Shan
1300,13128920,D10001
1301,2699981,Sebastian Slutzky
1302,12197251,JJJanezic
1303,13552979,Hira Muazzam
1304,15005461,TheCheddarMonster
1305,783836,user783836
1306,15003816,Vipul
1307,14998965,keek
1308,6303265,Edoardo Vignati
1309,14996191,Anu
1310,11603305,Nora Na
1311,1362105,EliasAtBerlin
1312,12564995,Emmanuel Sunday
1313,12890068,Gautam kapoor
1314,2929519,nolio
1315,14945409,Samir Kurry
1316,4420407,DoubleMiP
1317,9214901,Shreya
1318,8401574,Vaibhav yB Shah
1319,5053124,Nicholas Robinson
1320,1524524,Bolek
1321,336783,Sam Martin
1322,10278668,qqqqDonl
1323,16899417,Enrico Gabrielli
1324,16862406,user16862406
1325,1820957,Ajouve
1326,16529217,user16529217
1327,5713751,alexander
1328,16396174,Sneha Nair
1329,6014398,Cliford Mlotshwa
1330,9219751,Lorenzo Zappa
1331,328117,vinyll
1332,15553940,kevin
1333,3469515,dave_m
1334,11006390,Jack
1335,15539219,DreamCoder
1336,2992245,omer keynan
1337,16038413,Stephen Cooper
1338,919480,cogitoergosum
1339,1734996,Graphileon
1340,15596222,Harsh Verma
1341,783470,Roger Perkins
1342,9750199,robinhood1995
1343,15536656,Bartnik
1344,2223246,johnaco
1345,1677605,xuma202
1346,14713134,Jefferey John Smith
1347,153586,Sankar
1348,15089700,Андрей Никитин
1349,15079539,sano4ek4774
1350,9554788,cschormann
1351,803034,Quiche31
1352,14970303,camlyport
1353,14969299,Neo4jNoob
1354,178132,maiky
1355,6898991,cspecial
1356,13947333,robin
1357,9046979,ram abigadol
1358,1997656,user1997656
1359,10358057,Uabalabadubdub
1360,11323873,Zippy242
1361,14882967,Stephan Bos
1362,3154653,user3154653
1363,5159284,psr
1364,8324862,Oelmounkad
1365,13975634,Sibtain Shahbaz
1366,14738716,person
1367,7390143,Guillaume de Bure
1368,14875568,arthurm8739
1369,10821861,Sven Voigt
1370,5337226,Aman Madan
1371,9277259,pouyeh
1372,14852593,burrito_padawan
1373,6564755,Delta1x
1374,9267578,Hema Chandran
1375,9718856,Ark
1376,14818956,Belal Mohammed
1377,14814438,Divya Rustagi
1378,2626210,user2626210
1379,11545627,Nourish Cherish
1380,459222,Raghav
1381,12022239,Vawkx
1382,2963800,Calvin Ku
1383,12785579,Sergio Esteban
1384,1760615,Lucidnonsense
1385,14757800,Grace
1386,7346083,Yoni S
1387,9328643,Kathi
1388,7931491,Julian
1389,2106912,Esteban Zimanyi
1390,1525553,Guilherme Costa
1391,1460102,xxks-kkk
1392,6411719,Karl Stark
1393,8837001,M.B
1394,14719378,Avi
1395,2128702,user2128702
1396,1010297,Atterratio
1397,5004822,SledgeHammer
1398,5207698,Ran
1399,1496675,rarry
1400,11045534,Deeswoc
1401,14679636,LeaTex
1402,3540036,Oday Fraiwan
1403,5146242,hello_internet
1404,10235517,Bartłomiej Olech
1405,13554612,Norwort
1406,586181,nicholas
1407,13426644,KostasM
1408,13469785,LJRB
1409,11355630,Atharva Thorve
1410,5080765,Marco Feregrino
1411,6831365,Alessio
1412,9872841,Hysii
1413,9268425,Jay
1414,12463260,Filippo Grazioli
1415,14598987,Esai S
1416,8051542,Tony Joy
1417,1019129,sten
1418,1379830,Adrian Keister
1419,14543018,Jasper Krom
1420,10868361,Sacha Perin
1421,14232960,b6a894bh744aha8
1422,622644,priya
1423,271357,dacwe
1424,4187485,G.T.
1425,11692233,AndyKing
1426,12238262,Big Rick
1427,10240334,Gianluca
1428,257169,amoe
1429,9143843,Miko
1430,8645910,Robert Kuhlig
1431,13153117,Stan Peng
1432,13671759,Julian de Bruin
1433,14516019,Miriam Vittoria D&#39;Aloia
1434,10663537,Jhakiz
1435,6554121,A. L
1436,1692562,jvilledieu
1437,10913055,Sonal Pachpute
1438,3142472,Alexandru Dinu
1439,14483977,JDizzle
1440,9611069,Amirhosein Rajabi
1441,9883469,Francesco Bocci
1442,14211880,BrandNewStory
1443,11927998,billDickens
1444,1967693,zrkl
1445,13897549,Mubeen Mubarik
1446,14451939,Mary1980
1447,13311050,Jay Parkkk
1448,3209523,canbax
1449,14305979,Francesco Binucci
1450,4257731,the owl - Yte
1451,10405684,stillstriving21
1452,14420615,Terminator
1453,14415777,Joe
1454,14064473,lj4r2020
1455,14409887,Paul Hudgins
1456,14396287,goldengreen
1457,2403657,KevinY
1458,9039096,Zahra Ashouri
1459,14373375,Febre
1460,14370747,perfectlywrong
1461,9187645,Sankaran Namboodiri
1462,1877527,Philip Kahn
1463,9894569,mevster
1464,6934388,Queuebee
1465,6519761,Guillermo
1466,135892,Lambder
1467,8385208,Abhishek Pankar
1468,10138038,Adam Williamson
1469,2299692,David Makovoz
1470,14284098,Teodora Gorgieva
1471,8205554,E. Zeytinci
1472,deleted,user8996213
1473,14315048,Fabien
1474,2326079,Harshil
1475,243104,Graham Lea
1476,12980946,wcase6
1477,11581758,Ravali
1478,11981723,prasys
1479,12751245,ChillyNeo
1480,3828029,user3828029
1481,7444952,Siddhartha Sehgal
1482,5176549,Alvaro
1483,462631,Sinaesthetic
1484,280693,Tomas Jansson
1485,7040688,brickzzhang
1486,11135835,polaraaa
1487,14279276,Harsh Solanki
1488,1860314,JoyfulPanda
1489,5888786,Thibaut 
1490,3013096,IamMowgoud
1491,11147021,tzach
1492,12126446,Aman Swarnkar
1493,10544110,Li Eric
1494,13161972,Azamat 
1495,638670,Abbas Gadhia
1496,12550240,Mahesh Khanna
1497,9413827,BrechtArnou
1498,2963755,TobiasW
1499,11158938,maximusKarlson
1500,13660965,recentadvances
1501,12927430,CodeSwat
1502,2354908,Betafish
1503,13267018,Moritz Kampfinger
1504,8725749,Daniele Buonadonna
1505,12429356,Decard Cain
1506,14194605,YayangLee
1507,8376759,CC.
1508,3971290,Nicolas
1509,1424399,bigmadwolf
1510,9840357,zahra.dgh
1511,8812687,SDatta
1512,14079866,Elhanan Schwarts
1513,3715677,Lukas S
1514,1314955,khituras
1515,12573653,lovgrandma
1516,1412255,Peeyush Kushwaha
1517,11591848,Panda
1518,10092217,JHJH
1519,12597039,24carats
1520,342059,Ariyan
1521,2089006,bizzehdee
1522,7545929,SunLightGirl99
1523,14095066,dmgh
1524,1868281,Selim
1525,219929,Matty F
1526,2363393,Tralala
1527,11437949,Lifrey
1528,14059406,Pulkit Suhasaria
1529,4342649,Sam
1530,12677553,Xapper
1531,14039335,Lucas Lemos
1532,11587741,Dan
1533,6942537,Diego Francisco
1534,3025255,mrpetem
1535,7924573,tschomacker
1536,13612603,EZeta
1537,11646604,Nikhil John
1538,14022447,veyobi6284
1539,4563137,Blobafet
1540,12698951,AlabaSchmallaba
1541,13237448,An Duy
1542,13713003,Tarendran Vivekananda
1543,13047331,MrCash
1544,1708550,Blitzkoder
1545,13983950,Branko W
1546,5206736,wikitect
1547,13105607,dlman
1548,13966027,Matthew Daniel
1549,13002083,Mohammed Faraz ali
1550,9365322,helomelo
1551,4213094,Avi Yadav
1552,2919673,user2919673
1553,6302996,Nikhil Kulkarni
1554,569497,Selvin
1555,12690199,Saurabh Mittal
1556,8897809,David
1557,2430985,glp
1558,10387780,adsl
1559,4530173,Sean
1560,2426557,Carlos Herrera Plata
1561,2169693,G.S
1562,13052746,MirelesJ
1563,8183325,Mobius
1564,8410275,Zillon
1565,1876111,Paolo.Bolzoni
1566,9825326,Schwertfisch
1567,2327866,user2327866
1568,13814393,Luis Ayarzagoitia
1569,10287727,JhonArias
1570,6184021,julianomontini
1571,6552836,user341383
1572,5516923,Moopsish
1573,8656952,yeshwant
1574,13778766,Ali
1575,2203828,Telmo Trooper
1576,13771729,Joshua Sperry
1577,4624373,Jagadeesh Urlana
1578,12687974,Sudarshan Kothari
1579,522477,Savage Henry
1580,13764770,Pedro Chagas junior
1581,8306256,gameFrenzy07
1582,13760174,lpanderson
1583,12338693,Paweł Żurkiewicz
1584,10888881,Vincent 
1585,13693170,sheep
1586,10744139,Fadi
1587,12378487,Codie Collinge
1588,13728106,Stephen Mc Gowan
1589,6597886,RDSE
1590,9946978,P.S.
1591,2843151,bikeman868
1592,5519485,Erik Hofer
1593,2754024,Alexej Detert
1594,9395258,powerweb
1595,919434,Sim
1596,13705095,Aubin MOREAU
1597,13703046,Usama Ahmed
1598,5849966,Juan Andr&#233;s D&#225;vila
1599,6300789,marc-cejalvo
1600,10465583,Meet Singh
1601,11996818,mfontaine
1602,3154226,Dan Saattrup Nielsen
1603,7869381,ObsoleteATM
1604,13584616,kinger
1605,10550519,Taras Dubyk
1606,3876654,mattorp
1607,1400240,VARUN ISAC
1608,2217746,shay te
1609,13652093,Amir Hossein
1610,1506269,RubberDuck
1611,10290460,Oscar Paredez
1612,9276806,Martin Sršeň
1613,10810545,kernowal
1614,5868310,Gregory
1615,8767918,Mark Sufex
1616,9430617,Bennet L.
1617,3716606,austin
1618,11504368,elizabeth.morgan0190
1619,4529317,Fab
1620,8961826,bjrn
1621,9217577,TheGuardener
1622,13611043,Oli
1623,2546475,nirsky
1624,12380311,user12380311
1625,10028980,Sasja Vandendriessche
1626,13500837,snowboly
1627,3470294,user3470294
1628,5763896,Theo Stefou
1629,3935576,David Detlefsen
1630,13090216,kg1991
1631,545761,MMH
1632,13555715,Marchyk
1633,4492624,Jaskaran Singh Puri
1634,9212764,Николай
1635,13282270,AJINKYA JAIN
1636,3744824,Sam
1637,13539213,Akku Zack
1638,13531491,Nika
1639,5659856,Chad
1640,10745164,MrKnudz
1641,13267766,user13267766
1642,5851354,Lee Sai Mun
1643,13481353,Haizam
1644,28373,Adarsha
1645,11465348,Alex D.
1646,13497375,Vicky
1647,12978596,Sahil Chimnani
1648,169150,fatnjazzy
1649,5341632,Bruno C
1650,9961507,Debaditya Mandal
1651,12918210,manuja
1652,13492917,ad281
1653,10197536,Michael Scott
1654,4117084,Gene M
1655,13487001,郭泽强
1656,8874051,Mohseen Mulla
1657,3733974,mbh86
1658,13482981,Anil 
1659,11069847,Sero Daniel
1660,6740219,K.M.J
1661,13041014,shawn wang
1662,2511450,Evgeny Makarov
1663,1947112,themaxgoldman
1664,3676754,PaleBlossom
1665,2429434,Mhd Wael Jazmati
1666,13456441,Malik Zeyad
1667,5149110,Codographer
1668,2021119,RollerMobster
1669,10717049,Lx2pwn
1670,13441466,Ana7
1671,9607199,Ryan Garnett
1672,5730203,Asif Ali
1673,12147557,WLUB
1674,12854744,user157629
1675,401432,Rawhi 
1676,10583515,LeonardoBonacci
1677,3570684,TimH
1678,7161641,Simone Trombiero
2440,2920686,FrobberOfBits
2441,6692895,Tomaž Bratanič
2442,10687857,DanStarns
2443,16844045,Alexandru Urucu
2444,2662355,Christophe Willemsen
2445,277128,fbiville
2446,8534357,Cobra
2447,6077914,Rajendra Kadam
2448,15719603,Vadim
2449,272109,David Makogon
2450,415016,balderman
2451,16572295,Jo&#227;o Dias
2452,7371893,jose_bacoy
2453,8271728,Steve Mapes
2454,3580502,Gabor Szarnyas
2455,2618779,Puneet Behl
2456,1726127,PrashantUpadhyay
2457,2650436,meistermeier
2458,5475219,Brakebein
2459,2689973,djhallx
2460,11693213,Lucas Bazetto
2461,12368191,marshall.w
2462,823822,Nigel Small
2463,1814420,Triet Doan
2464,6904416,CBVgtr
2465,5749159,Matt
2466,478616,Brian
2467,2259302,H&#229;kan L&#246;fqvist
2468,16654939,lijun wang
2469,628584,Jepser Bernardino
2470,4057969,Thomas Groutars
2471,30383,bechbd
2472,8923816,Rikku
2473,7123864,Ksenia
2474,12684528,Herk
2475,4558848,Urr4
2476,2912200,Dirk Mahler
2477,5554368,hitshy_dev
2478,3860281,Robin Bramley
2479,16392575,Bubba Chabot
2480,2376882,Rouven B.
2481,728812,Michael Hunger
2482,10693596,SultanOrazbayev
2483,16857762,Chira Codrin-Mihai
2484,6095092,Louay Sleman
2485,92359,InverseFalcon
2486,8967612,41686d6564
2487,5575057,Pratik Makune
2488,11884733,Santosh Pandey
2489,1058115,cojack
2490,12930958,fchancel
2491,1917187,pgupta
2492,15751564,darth baba
2493,16182109,mintrawa
2494,74057,aldrin
2495,1547989,Michael Simons
2496,4709400,stellasia
2497,232671,Luanne
2498,16345077,Sharon
2499,16582,ravenspoint
2792,12642133,plastic
2793,2266,Charlotte Skardon
2794,6309,VonC
2795,10204566,Steven Guerrero
2796,15569492,Mic Fung
2797,5454242,CJ Sullivan
2798,478532,Leo W&#246;rteler
2799,2424642,Ankush Kumar Behera
2800,15863090,user15863090
2801,14771859,KMAHY
2802,1409772,utnaf
2803,5289186,Stefan Fenn
2804,16299956,user16299956
2805,15904347,Tobias Johansson
2806,3675223,Luigi Dell&#39;Aquila
2807,15775425,dgrana
2808,6354933,Catalin
2809,163567,Williams
2810,9397755,Jennifer Reif
2811,8511812,v2belleville
2812,3328543,Nisala
2813,12883318,kinshukdua
2814,3952697,Dave Fauth
2815,1334067,cechode
2816,158701,Stefan Armbruster
2817,13272762,Steven Montalbano
2818,12205676,Nathan Smith
2819,1666140,slimdrive
2820,5587393,Marco Luzzara
2821,376021,Jacob
2822,112968,knittl
2823,16497391,RaviKiran Ponduri
2824,7337932,Adrian Challinor
2825,132270,bert
2826,2668516,James Clover
2827,1589379,Tony Chiboucas
2828,12790327,Fabisch kamau
2829,10008173,David Maze
2830,4303647,JonoMac
2831,1509264,MT0
2832,15499777,Jaume Mateu
2833,4256635,CaptEmulation
2834,6307655,Dom Davis
2835,12667209,mojo2go
2836,1377866,false_memories
2837,1415614,RonC
2838,12120101,lsabi
2839,8473090,Lju
2840,11724228,Cobra
2841,4989460,stdob--
2842,7475450,Peter Thoeny
3039,15251915,Joshua Li
3040,1752366,silentsudo
3041,1375602,Timur Samkharadze
3042,15056724,M.S.
3043,4459576,the4thv
3044,5831358,Marj
3045,2044940,CodeManX
3046,364157,David Thomas
3047,14628929,sourheart
3048,6588183,Roberto Paterna
3049,3881982,user3881982
3050,6801791,Haba
3051,4799667,Scooter Morris
3052,14022951,A Sarshar
3053,675721,Codebling
3054,2786953,Azocan Kara
3055,6382350,Upesh
3056,9482309,bischrob
3057,8485028,m0hithreddy
3058,1831717,stephen mallette
3059,8981345,Philip H
3060,2263303,Clem Wang
3061,8237970,Juan Carlos Alafita
3062,14964236,Richard
3063,263595,FxIII
3084,15366791,apogee
3085,5225301,Forensic_07
3086,5160835,burt
3087,1129030,sentientcabbage
3088,4649526,Pieter Cailliau
3089,8228558,IoaTzimas
3090,1820553,kelalaka
3091,2863194,SWilly22
3092,11838160,Abhishek Tyagi
3093,15596433,vinay
3094,11364572,JoshInnis
5618,4888809,buda
5619,2224646,Rik Van Bruggen
5620,974731,cybersam
5621,4164240,jndnzl
5622,7316365,Vivick
5623,13529758,dankir
5624,677173,Pablissimo
5625,3346416,Lucia
5626,6751634,Fei Han
5627,10079082,Huzaifa Ahmed
5628,256196,Bohemian
5629,9090751,Mafor
5630,11743796,hedengran
5631,11984670,Tibebes. M
5632,6247361,Michael Porter
5633,2572685,Alexander Makarov
5634,6550998,Joseph Whiting
5635,4957180,Skaleb
5636,9484933,Zeynab Sobhani
5637,2624770,keithpjolley
5638,59075,Darren Hicks
5639,7965121,gonzalo
5911,14677129,MGipson
5912,4558214,Juha M
5913,12364410,venegr
5914,10337630,sentence
5915,7365769,James Fleming
5916,2610613,rbennell
5917,541404,Cameron Tinker
5918,466862,Mark Rotteveel
5919,611819,dnault
5920,8166854,Michael Fehr
5921,560577,Ontologiae
5922,6271195,David Lednik
5923,13620321,Natam Oliveira
5924,773649,Kebman
5925,9050514,deadshot
5926,1491895,Barmar
5927,4555317,Agent_Orange
5928,10791391,L. M&#228;nner
5929,3286847,Denis Kohl
5930,11926830,Dvir Dukhan
5931,568723,s1ck
5932,3407798,nguaman
5933,371110,hlg
5934,8226114,hoyski
5935,13471058,S. Poon
5936,378986,CleanBold
5937,4187346,Dave Bennett
5938,974077,sorrell
5939,1635992,Brant Boehmann
5940,2084728,dmiranda2791
5941,7264966,terryf82
5942,1451349,Christoph P
6085,5296106,Riccardo Bucco
6086,15188465,Payal
6087,-1,Community
6088,5737950,novonimo
6089,10482133,Young Yang
6090,18627,Alex Ott
6091,12219679,Lam Phan
6092,895789,Alter Lagos
6093,6124657,xadm
6094,1185961,MikZuit
6096,1863229,Tim Biegeleisen
6106,1987838,Hackerman
6145,63550,Peter Mortensen
6185,4162178,Jens Nerche
6193,10952503,Elikill58
6194,5309228,Franz Gleichmann
6210,4739488,Flydog57
6224,7030758,FloLie
6396,2286415,logisima
6397,5646962,Thomas Kl&#228;ger
6398,8608603,Partha Deb
6399,6289362,Amir Saleem
6400,2092817,naveen chandru
6401,2308683,OneCricketeer
6402,2696260,M. Deinum
6403,18157,Jim Garrison
6404,6480803,Rifat Bin Reza
6405,9592742,Andrey Rosa
6430,437260,Antonin
6440,4744359,UninformedUser
6465,1260068,roychri
6475,14260268,Sumit Kumar
6485,13925648,lizard_heart
6486,11985743,Xiddoc
6488,2943218,Carsten L&#248;vbo Andersen
6518,7199780,Yuvaraj S
6527,1045142,Simon Martinelli
6556,3706016,jarlh
6574,12567365,andrewjames
6584,15329869,Faeeria
6628,5424988,The fourth bird
6631,9126557,N01
6739,11148139,PjoterS
6740,8129995,rbcvl
6741,1073748,Haris Dautović
6742,1973005,Axel K&#246;hler
6743,7106086,Andrew Reid
6744,765395,Robin Mackenzie
6745,2375851,Robobenklein
6746,7823152,AlTheLazyMonkey
6747,1011253,ItayB
6748,5442034,Kelvin Lawrence
6749,1453413,HoRn
6750,4539838,Amit kumar
6769,10189459,Stanley Gong
6827,5871154,Atabai Fekri
6830,4317297,Riwen
6839,3196723,Govind Singh
6845,15100521,Upesh
6886,300257,Gilbert Le Blanc
6894,4420967,James Z
6915,390122,AlwaysLearning
6920,238704,President James K. Polk
6921,820127,rossum
6924,9473764,Nick
6925,1431750,aneroid
6997,5027336,Ran94
6998,2599910,Pandey Amit
6999,126217,digital illusion
7000,2378643,Anon Coward
7001,2282634,Joe
7002,3079891,dextertron_
7070,2185630,dbl
7101,300977,bouteillebleu
7123,12672179,The Grand J
7147,593425,Guy Korland
7256,9865225,mnis
7257,4111404,Luis Miguel Mej&#237;a Su&#225;rez
7258,4211294,Genu
7259,150978,Robert
7260,11336762,Roberto Caboni
7261,2979617,M Oehm
7262,1780873,GetSet
7284,3404097,philipxy
7307,11299053,Yevgen Gorbunkov
7336,7182350,Kuldeep Singh Sidhu
7366,2749865,DNF
7367,2836621,Mark Setchell
7410,13093310,Marek Szkudelski
