tag_id,name,link
1679,neo4j,https://stackoverflow.com/questions/tagged/neo4j
1680,subgraph,https://stackoverflow.com/questions/tagged/subgraph
1681,graph,https://stackoverflow.com/questions/tagged/graph
1682,cypher,https://stackoverflow.com/questions/tagged/cypher
1683,graph-databases,https://stackoverflow.com/questions/tagged/graph-databases
1684,neo4j-apoc,https://stackoverflow.com/questions/tagged/neo4j-apoc
1685,database,https://stackoverflow.com/questions/tagged/database
1686,spring-boot,https://stackoverflow.com/questions/tagged/spring-boot
1687,grandstack,https://stackoverflow.com/questions/tagged/grandstack
1688,search,https://stackoverflow.com/questions/tagged/search
1689,full-text-search,https://stackoverflow.com/questions/tagged/full-text-search
1690,parallel-processing,https://stackoverflow.com/questions/tagged/parallel-processing
1691,graphql,https://stackoverflow.com/questions/tagged/graphql
1692,jquery,https://stackoverflow.com/questions/tagged/jquery
1693,ajax,https://stackoverflow.com/questions/tagged/ajax
1694,graphileon,https://stackoverflow.com/questions/tagged/graphileon
1695,java,https://stackoverflow.com/questions/tagged/java
1696,plugins,https://stackoverflow.com/questions/tagged/plugins
1697,docker,https://stackoverflow.com/questions/tagged/docker
1698,kubernetes,https://stackoverflow.com/questions/tagged/kubernetes
1699,python,https://stackoverflow.com/questions/tagged/python
1700,ubuntu,https://stackoverflow.com/questions/tagged/ubuntu
1701,max,https://stackoverflow.com/questions/tagged/max
1702,selenium,https://stackoverflow.com/questions/tagged/selenium
1703,web-scraping,https://stackoverflow.com/questions/tagged/web-scraping
1704,knowledge-graph,https://stackoverflow.com/questions/tagged/knowledge-graph
1705,apache-spark,https://stackoverflow.com/questions/tagged/apache-spark
1706,pyspark,https://stackoverflow.com/questions/tagged/pyspark
1707,timezone,https://stackoverflow.com/questions/tagged/timezone
1708,networkx,https://stackoverflow.com/questions/tagged/networkx
1709,macos,https://stackoverflow.com/questions/tagged/macos
1710,docker-compose,https://stackoverflow.com/questions/tagged/docker-compose
1711,grails,https://stackoverflow.com/questions/tagged/grails
1712,groovy,https://stackoverflow.com/questions/tagged/groovy
1713,grails-orm,https://stackoverflow.com/questions/tagged/grails-orm
1714,pickle,https://stackoverflow.com/questions/tagged/pickle
1715,attributeerror,https://stackoverflow.com/questions/tagged/attributeerror
1716,dump,https://stackoverflow.com/questions/tagged/dump
1717,spring,https://stackoverflow.com/questions/tagged/spring
1718,spring-data-neo4j,https://stackoverflow.com/questions/tagged/spring-data-neo4j
1719,javax.validation,https://stackoverflow.com/questions/tagged/javax.validation
1720,bloom,https://stackoverflow.com/questions/tagged/bloom
1721,python-3.x,https://stackoverflow.com/questions/tagged/python-3.x
1722,py2neo,https://stackoverflow.com/questions/tagged/py2neo
1723,graph-data-science,https://stackoverflow.com/questions/tagged/graph-data-science
1724,neo4j-browser,https://stackoverflow.com/questions/tagged/neo4j-browser
1725,protege,https://stackoverflow.com/questions/tagged/protege
1726,authentication,https://stackoverflow.com/questions/tagged/authentication
1727,user-defined-functions,https://stackoverflow.com/questions/tagged/user-defined-functions
1728,csv,https://stackoverflow.com/questions/tagged/csv
1729,ssh,https://stackoverflow.com/questions/tagged/ssh
1730,pentaho,https://stackoverflow.com/questions/tagged/pentaho
1731,trilead-ssh,https://stackoverflow.com/questions/tagged/trilead-ssh
1732,vector,https://stackoverflow.com/questions/tagged/vector
1733,sum,https://stackoverflow.com/questions/tagged/sum
1734,aggregation,https://stackoverflow.com/questions/tagged/aggregation
1735,shortest-path,https://stackoverflow.com/questions/tagged/shortest-path
1736,jqassistant,https://stackoverflow.com/questions/tagged/jqassistant
1737,gremlin,https://stackoverflow.com/questions/tagged/gremlin
1738,browser,https://stackoverflow.com/questions/tagged/browser
1739,interface,https://stackoverflow.com/questions/tagged/interface
1740,ftp,https://stackoverflow.com/questions/tagged/ftp
1741,neo4jclient,https://stackoverflow.com/questions/tagged/neo4jclient
1742,c#,https://stackoverflow.com/questions/tagged/c#
1743,relation,https://stackoverflow.com/questions/tagged/relation
1744,derived,https://stackoverflow.com/questions/tagged/derived
1745,javascript,https://stackoverflow.com/questions/tagged/javascript
1746,group-by,https://stackoverflow.com/questions/tagged/group-by
1747,kotlin,https://stackoverflow.com/questions/tagged/kotlin
1748,cycle,https://stackoverflow.com/questions/tagged/cycle
1749,neovis,https://stackoverflow.com/questions/tagged/neovis
1750,python-3.8,https://stackoverflow.com/questions/tagged/python-3.8
1751,node.js,https://stackoverflow.com/questions/tagged/node.js
1752,rest,https://stackoverflow.com/questions/tagged/rest
1753,express,https://stackoverflow.com/questions/tagged/express
1754,relationship,https://stackoverflow.com/questions/tagged/relationship
1755,php,https://stackoverflow.com/questions/tagged/php
1756,indexing,https://stackoverflow.com/questions/tagged/indexing
1757,lucene,https://stackoverflow.com/questions/tagged/lucene
1758,modeling,https://stackoverflow.com/questions/tagged/modeling
1759,sdn,https://stackoverflow.com/questions/tagged/sdn
1760,network-traffic,https://stackoverflow.com/questions/tagged/network-traffic
1761,cypher-3.1,https://stackoverflow.com/questions/tagged/cypher-3.1
1762,spring-data-jpa,https://stackoverflow.com/questions/tagged/spring-data-jpa
1763,spring-data,https://stackoverflow.com/questions/tagged/spring-data
1764,android,https://stackoverflow.com/questions/tagged/android
1765,mongodb,https://stackoverflow.com/questions/tagged/mongodb
1766,apache-kafka-connect,https://stackoverflow.com/questions/tagged/apache-kafka-connect
1767,nosql,https://stackoverflow.com/questions/tagged/nosql
1768,dijkstra,https://stackoverflow.com/questions/tagged/dijkstra
1769,catalog,https://stackoverflow.com/questions/tagged/catalog
1770,json,https://stackoverflow.com/questions/tagged/json
1771,graphql-schema,https://stackoverflow.com/questions/tagged/graphql-schema
1772,graph-algorithm,https://stackoverflow.com/questions/tagged/graph-algorithm
1773,oracle,https://stackoverflow.com/questions/tagged/oracle
1774,neo4j-driver,https://stackoverflow.com/questions/tagged/neo4j-driver
1775,postgresql,https://stackoverflow.com/questions/tagged/postgresql
1776,migrate,https://stackoverflow.com/questions/tagged/migrate
1777,gantt-chart,https://stackoverflow.com/questions/tagged/gantt-chart
1778,variable-length,https://stackoverflow.com/questions/tagged/variable-length
1779,neo4j-ogm,https://stackoverflow.com/questions/tagged/neo4j-ogm
1780,arrays,https://stackoverflow.com/questions/tagged/arrays
1781,routes,https://stackoverflow.com/questions/tagged/routes
1782,profiling,https://stackoverflow.com/questions/tagged/profiling
1783,compilation,https://stackoverflow.com/questions/tagged/compilation
1784,performance,https://stackoverflow.com/questions/tagged/performance
1785,haskell,https://stackoverflow.com/questions/tagged/haskell
1786,pattern-matching,https://stackoverflow.com/questions/tagged/pattern-matching
1787,orientdb,https://stackoverflow.com/questions/tagged/orientdb
1788,graph-theory,https://stackoverflow.com/questions/tagged/graph-theory
1789,terraform,https://stackoverflow.com/questions/tagged/terraform
1790,aws-secrets-manager,https://stackoverflow.com/questions/tagged/aws-secrets-manager
1791,api,https://stackoverflow.com/questions/tagged/api
1792,amazon-neptune,https://stackoverflow.com/questions/tagged/amazon-neptune
1793,bolt,https://stackoverflow.com/questions/tagged/bolt
1794,xsd,https://stackoverflow.com/questions/tagged/xsd
1795,liquigraph,https://stackoverflow.com/questions/tagged/liquigraph
1796,cluster-computing,https://stackoverflow.com/questions/tagged/cluster-computing
1797,sorting,https://stackoverflow.com/questions/tagged/sorting
1798,apollo-server,https://stackoverflow.com/questions/tagged/apollo-server
1799,sql,https://stackoverflow.com/questions/tagged/sql
1800,notin,https://stackoverflow.com/questions/tagged/notin
1801,nodes,https://stackoverflow.com/questions/tagged/nodes
1802,.net-core,https://stackoverflow.com/questions/tagged/.net-core
1803,cypher-shell,https://stackoverflow.com/questions/tagged/cypher-shell
1804,d3-force-directed,https://stackoverflow.com/questions/tagged/d3-force-directed
1805,bigdata,https://stackoverflow.com/questions/tagged/bigdata
1806,apollo,https://stackoverflow.com/questions/tagged/apollo
1807,depth-first-search,https://stackoverflow.com/questions/tagged/depth-first-search
1808,memoization,https://stackoverflow.com/questions/tagged/memoization
1809,duplicates,https://stackoverflow.com/questions/tagged/duplicates
1810,dependency-graph,https://stackoverflow.com/questions/tagged/dependency-graph
1811,amazon-web-services,https://stackoverflow.com/questions/tagged/amazon-web-services
1812,ssl,https://stackoverflow.com/questions/tagged/ssl
1813,typescript,https://stackoverflow.com/questions/tagged/typescript
1814,intellij-idea,https://stackoverflow.com/questions/tagged/intellij-idea
1815,runtime,https://stackoverflow.com/questions/tagged/runtime
1816,amazon-ec2,https://stackoverflow.com/questions/tagged/amazon-ec2
1817,amazon-elb,https://stackoverflow.com/questions/tagged/amazon-elb
1818,r,https://stackoverflow.com/questions/tagged/r
1819,shiny,https://stackoverflow.com/questions/tagged/shiny
1820,neo4j-graphql-js,https://stackoverflow.com/questions/tagged/neo4j-graphql-js
1821,pug,https://stackoverflow.com/questions/tagged/pug
1822,neomodel,https://stackoverflow.com/questions/tagged/neomodel
1823,string,https://stackoverflow.com/questions/tagged/string
1824,loops,https://stackoverflow.com/questions/tagged/loops
1825,django,https://stackoverflow.com/questions/tagged/django
1826,recommendation-engine,https://stackoverflow.com/questions/tagged/recommendation-engine
1827,nestjs,https://stackoverflow.com/questions/tagged/nestjs
1828,retry-logic,https://stackoverflow.com/questions/tagged/retry-logic
1829,spring-webflux,https://stackoverflow.com/questions/tagged/spring-webflux
1830,html,https://stackoverflow.com/questions/tagged/html
1831,css,https://stackoverflow.com/questions/tagged/css
1832,desktop,https://stackoverflow.com/questions/tagged/desktop
1833,collect,https://stackoverflow.com/questions/tagged/collect
1834,rust,https://stackoverflow.com/questions/tagged/rust
1835,serde,https://stackoverflow.com/questions/tagged/serde
1836,server,https://stackoverflow.com/questions/tagged/server
1837,ruby,https://stackoverflow.com/questions/tagged/ruby
1838,neo4jrb,https://stackoverflow.com/questions/tagged/neo4jrb
1839,apache-kafka-streams,https://stackoverflow.com/questions/tagged/apache-kafka-streams
1840,databricks,https://stackoverflow.com/questions/tagged/databricks
1841,nginx,https://stackoverflow.com/questions/tagged/nginx
1842,neo4j-python-driver,https://stackoverflow.com/questions/tagged/neo4j-python-driver
1843,multithreading,https://stackoverflow.com/questions/tagged/multithreading
1844,locking,https://stackoverflow.com/questions/tagged/locking
1845,spring-jdbc,https://stackoverflow.com/questions/tagged/spring-jdbc
1846,ner,https://stackoverflow.com/questions/tagged/ner
1847,ionic-framework,https://stackoverflow.com/questions/tagged/ionic-framework
1848,push-notification,https://stackoverflow.com/questions/tagged/push-notification
1849,ruby-on-rails,https://stackoverflow.com/questions/tagged/ruby-on-rails
1850,neo4j.rb,https://stackoverflow.com/questions/tagged/neo4j.rb
1851,syntax-error,https://stackoverflow.com/questions/tagged/syntax-error
1852,.net,https://stackoverflow.com/questions/tagged/.net
1853,unique-constraint,https://stackoverflow.com/questions/tagged/unique-constraint
1854,batch-processing,https://stackoverflow.com/questions/tagged/batch-processing
1855,wildcard,https://stackoverflow.com/questions/tagged/wildcard
1856,twitter,https://stackoverflow.com/questions/tagged/twitter
1857,data-science,https://stackoverflow.com/questions/tagged/data-science
1858,typeorm,https://stackoverflow.com/questions/tagged/typeorm
1859,spanning-tree,https://stackoverflow.com/questions/tagged/spanning-tree
1860,database-design,https://stackoverflow.com/questions/tagged/database-design
1861,aerospike,https://stackoverflow.com/questions/tagged/aerospike
1862,where-clause,https://stackoverflow.com/questions/tagged/where-clause
1863,division,https://stackoverflow.com/questions/tagged/division
1864,count,https://stackoverflow.com/questions/tagged/count
1865,greenplum,https://stackoverflow.com/questions/tagged/greenplum
1866,database-metadata,https://stackoverflow.com/questions/tagged/database-metadata
1867,spring-boot-actuator,https://stackoverflow.com/questions/tagged/spring-boot-actuator
1868,graphdb,https://stackoverflow.com/questions/tagged/graphdb
1869,property-graph,https://stackoverflow.com/questions/tagged/property-graph
1870,list,https://stackoverflow.com/questions/tagged/list
1871,compare,https://stackoverflow.com/questions/tagged/compare
1872,react-native,https://stackoverflow.com/questions/tagged/react-native
1873,query-optimization,https://stackoverflow.com/questions/tagged/query-optimization
1874,undirected-graph,https://stackoverflow.com/questions/tagged/undirected-graph
1875,uuid,https://stackoverflow.com/questions/tagged/uuid
1876,neo4j-aura,https://stackoverflow.com/questions/tagged/neo4j-aura
1877,upgrade,https://stackoverflow.com/questions/tagged/upgrade
1878,constraints,https://stackoverflow.com/questions/tagged/constraints
1879,database-indexes,https://stackoverflow.com/questions/tagged/database-indexes
1880,maven,https://stackoverflow.com/questions/tagged/maven
1881,neo4j-plugin,https://stackoverflow.com/questions/tagged/neo4j-plugin
1882,encoding,https://stackoverflow.com/questions/tagged/encoding
1883,sparql,https://stackoverflow.com/questions/tagged/sparql
1884,bioinformatics,https://stackoverflow.com/questions/tagged/bioinformatics
1885,linear-regression,https://stackoverflow.com/questions/tagged/linear-regression
1886,neo4j-embedded,https://stackoverflow.com/questions/tagged/neo4j-embedded
1887,gradle,https://stackoverflow.com/questions/tagged/gradle
1888,redisgraph,https://stackoverflow.com/questions/tagged/redisgraph
1889,asp.net-core,https://stackoverflow.com/questions/tagged/asp.net-core
1890,azure,https://stackoverflow.com/questions/tagged/azure
1891,scp,https://stackoverflow.com/questions/tagged/scp
1892,many-to-many,https://stackoverflow.com/questions/tagged/many-to-many
1893,kubectl,https://stackoverflow.com/questions/tagged/kubectl
1894,lambda,https://stackoverflow.com/questions/tagged/lambda
1895,netlify,https://stackoverflow.com/questions/tagged/netlify
1896,unit-testing,https://stackoverflow.com/questions/tagged/unit-testing
1897,architecture,https://stackoverflow.com/questions/tagged/architecture
1898,cytoscape.js,https://stackoverflow.com/questions/tagged/cytoscape.js
1899,transactions,https://stackoverflow.com/questions/tagged/transactions
1900,jta,https://stackoverflow.com/questions/tagged/jta
1901,atomikos,https://stackoverflow.com/questions/tagged/atomikos
1902,deno,https://stackoverflow.com/questions/tagged/deno
1903,file,https://stackoverflow.com/questions/tagged/file
1904,filter,https://stackoverflow.com/questions/tagged/filter
1905,algorithm,https://stackoverflow.com/questions/tagged/algorithm
1906,nlp,https://stackoverflow.com/questions/tagged/nlp
1907,cartesian-product,https://stackoverflow.com/questions/tagged/cartesian-product
1908,cluster-analysis,https://stackoverflow.com/questions/tagged/cluster-analysis
1909,rdf,https://stackoverflow.com/questions/tagged/rdf
1910,ontology,https://stackoverflow.com/questions/tagged/ontology
1911,rdfs,https://stackoverflow.com/questions/tagged/rdfs
1912,neo4j-desktop,https://stackoverflow.com/questions/tagged/neo4j-desktop
1913,build,https://stackoverflow.com/questions/tagged/build
1914,sbt,https://stackoverflow.com/questions/tagged/sbt
1915,log4j2,https://stackoverflow.com/questions/tagged/log4j2
1916,push,https://stackoverflow.com/questions/tagged/push
1917,azure-databricks,https://stackoverflow.com/questions/tagged/azure-databricks
1918,apache-zeppelin,https://stackoverflow.com/questions/tagged/apache-zeppelin
1919,database-migration,https://stackoverflow.com/questions/tagged/database-migration
1920,import,https://stackoverflow.com/questions/tagged/import
1921,conditional-statements,https://stackoverflow.com/questions/tagged/conditional-statements
1922,case,https://stackoverflow.com/questions/tagged/case
1923,sql-server,https://stackoverflow.com/questions/tagged/sql-server
1924,graphene-django,https://stackoverflow.com/questions/tagged/graphene-django
1925,semantic-web,https://stackoverflow.com/questions/tagged/semantic-web
1926,parsing,https://stackoverflow.com/questions/tagged/parsing
1927,carrierwave,https://stackoverflow.com/questions/tagged/carrierwave
1928,auth0,https://stackoverflow.com/questions/tagged/auth0
1929,apache-kafka,https://stackoverflow.com/questions/tagged/apache-kafka
1930,confluent-platform,https://stackoverflow.com/questions/tagged/confluent-platform
1931,tags,https://stackoverflow.com/questions/tagged/tags
1932,label,https://stackoverflow.com/questions/tagged/label
1933,python-2.7,https://stackoverflow.com/questions/tagged/python-2.7
1934,pip,https://stackoverflow.com/questions/tagged/pip
1935,driver,https://stackoverflow.com/questions/tagged/driver
1936,kettle,https://stackoverflow.com/questions/tagged/kettle
1937,django-admin,https://stackoverflow.com/questions/tagged/django-admin
1938,connection,https://stackoverflow.com/questions/tagged/connection
1939,aggregate,https://stackoverflow.com/questions/tagged/aggregate
1940,rails-migrations,https://stackoverflow.com/questions/tagged/rails-migrations
1941,asp.net-core-3.1,https://stackoverflow.com/questions/tagged/asp.net-core-3.1
1942,spark-graphx,https://stackoverflow.com/questions/tagged/spark-graphx
1943,graphframes,https://stackoverflow.com/questions/tagged/graphframes
1944,aws-lambda,https://stackoverflow.com/questions/tagged/aws-lambda
1945,optimization,https://stackoverflow.com/questions/tagged/optimization
1946,asp.net,https://stackoverflow.com/questions/tagged/asp.net
1947,store,https://stackoverflow.com/questions/tagged/store
1948,similarity,https://stackoverflow.com/questions/tagged/similarity
1949,pandas,https://stackoverflow.com/questions/tagged/pandas
1950,neo4j-bolt,https://stackoverflow.com/questions/tagged/neo4j-bolt
1951,vsm,https://stackoverflow.com/questions/tagged/vsm
1952,fulltext-index,https://stackoverflow.com/questions/tagged/fulltext-index
1953,flask,https://stackoverflow.com/questions/tagged/flask
1954,graph-traversal,https://stackoverflow.com/questions/tagged/graph-traversal
1955,devops,https://stackoverflow.com/questions/tagged/devops
1956,npm,https://stackoverflow.com/questions/tagged/npm
1957,subprocess,https://stackoverflow.com/questions/tagged/subprocess
1958,union,https://stackoverflow.com/questions/tagged/union
1959,bloodhound,https://stackoverflow.com/questions/tagged/bloodhound
1960,datetime,https://stackoverflow.com/questions/tagged/datetime
1961,session,https://stackoverflow.com/questions/tagged/session
1962,hashmap,https://stackoverflow.com/questions/tagged/hashmap
1963,google-cloud-platform,https://stackoverflow.com/questions/tagged/google-cloud-platform
1964,querying,https://stackoverflow.com/questions/tagged/querying
1965,export,https://stackoverflow.com/questions/tagged/export
1966,random,https://stackoverflow.com/questions/tagged/random
1967,ejs,https://stackoverflow.com/questions/tagged/ejs
1968,apple-m1,https://stackoverflow.com/questions/tagged/apple-m1
1969,write,https://stackoverflow.com/questions/tagged/write
1970,post,https://stackoverflow.com/questions/tagged/post
1971,hierarchy,https://stackoverflow.com/questions/tagged/hierarchy
1972,timeline,https://stackoverflow.com/questions/tagged/timeline
1973,bipartite,https://stackoverflow.com/questions/tagged/bipartite
1974,fastapi,https://stackoverflow.com/questions/tagged/fastapi
1975,vert.x,https://stackoverflow.com/questions/tagged/vert.x
1976,encryption,https://stackoverflow.com/questions/tagged/encryption
1977,breadth-first-search,https://stackoverflow.com/questions/tagged/breadth-first-search
1978,backup,https://stackoverflow.com/questions/tagged/backup
1979,match,https://stackoverflow.com/questions/tagged/match
1980,optional,https://stackoverflow.com/questions/tagged/optional
1981,space,https://stackoverflow.com/questions/tagged/space
1982,null,https://stackoverflow.com/questions/tagged/null
1983,jdbc,https://stackoverflow.com/questions/tagged/jdbc
1984,amazon-s3,https://stackoverflow.com/questions/tagged/amazon-s3
1985,powerbi,https://stackoverflow.com/questions/tagged/powerbi
1986,dataframe,https://stackoverflow.com/questions/tagged/dataframe
1987,google-chrome-extension,https://stackoverflow.com/questions/tagged/google-chrome-extension
1988,suitecrm,https://stackoverflow.com/questions/tagged/suitecrm
1989,multi-database,https://stackoverflow.com/questions/tagged/multi-database
1990,adonis.js,https://stackoverflow.com/questions/tagged/adonis.js
1991,swagger,https://stackoverflow.com/questions/tagged/swagger
1992,linux,https://stackoverflow.com/questions/tagged/linux
1993,memory,https://stackoverflow.com/questions/tagged/memory
1994,out-of-memory,https://stackoverflow.com/questions/tagged/out-of-memory
1995,windows,https://stackoverflow.com/questions/tagged/windows
1996,regex,https://stackoverflow.com/questions/tagged/regex
1997,centos7,https://stackoverflow.com/questions/tagged/centos7
1998,heroku,https://stackoverflow.com/questions/tagged/heroku
1999,average,https://stackoverflow.com/questions/tagged/average
2000,aggregate-functions,https://stackoverflow.com/questions/tagged/aggregate-functions
2001,ongdb,https://stackoverflow.com/questions/tagged/ongdb
2002,data-warehouse,https://stackoverflow.com/questions/tagged/data-warehouse
2003,text-search,https://stackoverflow.com/questions/tagged/text-search
2004,elasticsearch-phonetic,https://stackoverflow.com/questions/tagged/elasticsearch-phonetic
2005,full-text-indexing,https://stackoverflow.com/questions/tagged/full-text-indexing
2006,azure-blob-storage,https://stackoverflow.com/questions/tagged/azure-blob-storage
2007,popen,https://stackoverflow.com/questions/tagged/popen
2008,port,https://stackoverflow.com/questions/tagged/port
2009,filenotfoundexception,https://stackoverflow.com/questions/tagged/filenotfoundexception
2010,illegalstateexception,https://stackoverflow.com/questions/tagged/illegalstateexception
2011,http-headers,https://stackoverflow.com/questions/tagged/http-headers
2012,http-post,https://stackoverflow.com/questions/tagged/http-post
2013,unique,https://stackoverflow.com/questions/tagged/unique
2014,distinct,https://stackoverflow.com/questions/tagged/distinct
2015,limit,https://stackoverflow.com/questions/tagged/limit
2016,parameters,https://stackoverflow.com/questions/tagged/parameters
2017,logging,https://stackoverflow.com/questions/tagged/logging
2018,graph-visualization,https://stackoverflow.com/questions/tagged/graph-visualization
2019,multi-tenant,https://stackoverflow.com/questions/tagged/multi-tenant
2020,arangodb,https://stackoverflow.com/questions/tagged/arangodb
2021,reactor,https://stackoverflow.com/questions/tagged/reactor
2022,google-kubernetes-engine,https://stackoverflow.com/questions/tagged/google-kubernetes-engine
2023,rabbitmq,https://stackoverflow.com/questions/tagged/rabbitmq
2024,transfer,https://stackoverflow.com/questions/tagged/transfer
2025,cql,https://stackoverflow.com/questions/tagged/cql
2026,instance,https://stackoverflow.com/questions/tagged/instance
2027,spring-transactions,https://stackoverflow.com/questions/tagged/spring-transactions
2028,neo4jphp,https://stackoverflow.com/questions/tagged/neo4jphp
2029,record,https://stackoverflow.com/questions/tagged/record
2030,graphlytic,https://stackoverflow.com/questions/tagged/graphlytic
2031,cytoscape,https://stackoverflow.com/questions/tagged/cytoscape
2032,graphql-mutation,https://stackoverflow.com/questions/tagged/graphql-mutation
2033,forms,https://stackoverflow.com/questions/tagged/forms
2034,pymongo,https://stackoverflow.com/questions/tagged/pymongo
2035,mongo-connector,https://stackoverflow.com/questions/tagged/mongo-connector
2036,d3.js,https://stackoverflow.com/questions/tagged/d3.js
2037,angular,https://stackoverflow.com/questions/tagged/angular
2038,mean-stack,https://stackoverflow.com/questions/tagged/mean-stack
2039,sigma.js,https://stackoverflow.com/questions/tagged/sigma.js
2040,migration,https://stackoverflow.com/questions/tagged/migration
2041,merge,https://stackoverflow.com/questions/tagged/merge
2042,agens-graph,https://stackoverflow.com/questions/tagged/agens-graph
2043,subquery,https://stackoverflow.com/questions/tagged/subquery
2044,path,https://stackoverflow.com/questions/tagged/path
2045,relational-database,https://stackoverflow.com/questions/tagged/relational-database
2046,etl,https://stackoverflow.com/questions/tagged/etl
2047,postgresql-13,https://stackoverflow.com/questions/tagged/postgresql-13
2048,add,https://stackoverflow.com/questions/tagged/add
2049,database-partitioning,https://stackoverflow.com/questions/tagged/database-partitioning
2050,git,https://stackoverflow.com/questions/tagged/git
2051,laravel,https://stackoverflow.com/questions/tagged/laravel
2052,neoeloquent,https://stackoverflow.com/questions/tagged/neoeloquent
2053,storage,https://stackoverflow.com/questions/tagged/storage
2054,data-visualization,https://stackoverflow.com/questions/tagged/data-visualization
2055,force-layout,https://stackoverflow.com/questions/tagged/force-layout
2056,async-await,https://stackoverflow.com/questions/tagged/async-await
2057,es6-promise,https://stackoverflow.com/questions/tagged/es6-promise
2058,raspberry-pi,https://stackoverflow.com/questions/tagged/raspberry-pi
2059,tree,https://stackoverflow.com/questions/tagged/tree
2060,tinkerpop,https://stackoverflow.com/questions/tagged/tinkerpop
2061,linkurious,https://stackoverflow.com/questions/tagged/linkurious
2062,schema,https://stackoverflow.com/questions/tagged/schema
2063,linked-list,https://stackoverflow.com/questions/tagged/linked-list
2064,npx,https://stackoverflow.com/questions/tagged/npx
2065,go,https://stackoverflow.com/questions/tagged/go
2066,b-tree,https://stackoverflow.com/questions/tagged/b-tree
2067,collaborative-filtering,https://stackoverflow.com/questions/tagged/collaborative-filtering
2068,pearson,https://stackoverflow.com/questions/tagged/pearson
2069,asynchronous,https://stackoverflow.com/questions/tagged/asynchronous
2070,objectid,https://stackoverflow.com/questions/tagged/objectid
2071,sockets,https://stackoverflow.com/questions/tagged/sockets
2072,oserror,https://stackoverflow.com/questions/tagged/oserror
2073,options,https://stackoverflow.com/questions/tagged/options
2074,nosql-aggregation,https://stackoverflow.com/questions/tagged/nosql-aggregation
2075,cordova,https://stackoverflow.com/questions/tagged/cordova
2076,capacitor,https://stackoverflow.com/questions/tagged/capacitor
2077,graphenedb,https://stackoverflow.com/questions/tagged/graphenedb
2078,dask,https://stackoverflow.com/questions/tagged/dask
2079,dask-distributed,https://stackoverflow.com/questions/tagged/dask-distributed
2080,dask-delayed,https://stackoverflow.com/questions/tagged/dask-delayed
2081,python-3.9,https://stackoverflow.com/questions/tagged/python-3.9
2082,set,https://stackoverflow.com/questions/tagged/set
2083,azure-cosmosdb,https://stackoverflow.com/questions/tagged/azure-cosmosdb
2084,xpath,https://stackoverflow.com/questions/tagged/xpath
2085,lxml,https://stackoverflow.com/questions/tagged/lxml
2086,azure-cosmosdb-gremlinapi,https://stackoverflow.com/questions/tagged/azure-cosmosdb-gremlinapi
2087,spring-cloud,https://stackoverflow.com/questions/tagged/spring-cloud
2088,reverse-engineering,https://stackoverflow.com/questions/tagged/reverse-engineering
2089,checksum,https://stackoverflow.com/questions/tagged/checksum
2090,redis,https://stackoverflow.com/questions/tagged/redis
2091,openssl,https://stackoverflow.com/questions/tagged/openssl
2092,certificate,https://stackoverflow.com/questions/tagged/certificate
2093,key,https://stackoverflow.com/questions/tagged/key
2094,encoder,https://stackoverflow.com/questions/tagged/encoder
2095,cryptography,https://stackoverflow.com/questions/tagged/cryptography
2096,aes,https://stackoverflow.com/questions/tagged/aes
2097,redis-cluster,https://stackoverflow.com/questions/tagged/redis-cluster
2098,windows-7,https://stackoverflow.com/questions/tagged/windows-7
2099,pyodbc,https://stackoverflow.com/questions/tagged/pyodbc
2100,tls1.2,https://stackoverflow.com/questions/tagged/tls1.2
2101,code-signing,https://stackoverflow.com/questions/tagged/code-signing
2102,google-authentication,https://stackoverflow.com/questions/tagged/google-authentication
2103,normalization,https://stackoverflow.com/questions/tagged/normalization
2104,memgraphdb,https://stackoverflow.com/questions/tagged/memgraphdb
2105,stored-procedures,https://stackoverflow.com/questions/tagged/stored-procedures
2106,load-csv,https://stackoverflow.com/questions/tagged/load-csv
2107,multiple-resultsets,https://stackoverflow.com/questions/tagged/multiple-resultsets
2108,request,https://stackoverflow.com/questions/tagged/request
2109,dataset,https://stackoverflow.com/questions/tagged/dataset
2110,python-cryptography,https://stackoverflow.com/questions/tagged/python-cryptography
2111,variables,https://stackoverflow.com/questions/tagged/variables
2112,correlated-subquery,https://stackoverflow.com/questions/tagged/correlated-subquery
2113,named-graphs,https://stackoverflow.com/questions/tagged/named-graphs
2114,spatial,https://stackoverflow.com/questions/tagged/spatial
2115,jupyter-lab,https://stackoverflow.com/questions/tagged/jupyter-lab
2116,hash,https://stackoverflow.com/questions/tagged/hash
2117,scala,https://stackoverflow.com/questions/tagged/scala
2118,enums,https://stackoverflow.com/questions/tagged/enums
2119,asp.net-identity,https://stackoverflow.com/questions/tagged/asp.net-identity
2120,singleton,https://stackoverflow.com/questions/tagged/singleton
2121,dfa,https://stackoverflow.com/questions/tagged/dfa
2122,nfa,https://stackoverflow.com/questions/tagged/nfa
2123,foreach,https://stackoverflow.com/questions/tagged/foreach
2124,orientdb3.0,https://stackoverflow.com/questions/tagged/orientdb3.0
2125,insert,https://stackoverflow.com/questions/tagged/insert
2126,social-networking,https://stackoverflow.com/questions/tagged/social-networking
2127,path-finding,https://stackoverflow.com/questions/tagged/path-finding
2128,topology,https://stackoverflow.com/questions/tagged/topology
2129,redis-py,https://stackoverflow.com/questions/tagged/redis-py
2130,directed-graph,https://stackoverflow.com/questions/tagged/directed-graph
2131,deployment,https://stackoverflow.com/questions/tagged/deployment
2132,bulkinsert,https://stackoverflow.com/questions/tagged/bulkinsert
2133,testing,https://stackoverflow.com/questions/tagged/testing
2134,rhel,https://stackoverflow.com/questions/tagged/rhel
2135,cbc-mode,https://stackoverflow.com/questions/tagged/cbc-mode
2136,dictionary,https://stackoverflow.com/questions/tagged/dictionary
2137,alphabet,https://stackoverflow.com/questions/tagged/alphabet
2138,redislabs,https://stackoverflow.com/questions/tagged/redislabs
2139,julia,https://stackoverflow.com/questions/tagged/julia
2140,inner-join,https://stackoverflow.com/questions/tagged/inner-join
2141,grouping,https://stackoverflow.com/questions/tagged/grouping
2142,geolocation,https://stackoverflow.com/questions/tagged/geolocation
2143,ifc,https://stackoverflow.com/questions/tagged/ifc
2144,vb.net,https://stackoverflow.com/questions/tagged/vb.net
2145,https,https://stackoverflow.com/questions/tagged/https
2146,c,https://stackoverflow.com/questions/tagged/c
2147,cs50,https://stackoverflow.com/questions/tagged/cs50
2148,neo4j-dotnet-driver,https://stackoverflow.com/questions/tagged/neo4j-dotnet-driver
2149,configuration,https://stackoverflow.com/questions/tagged/configuration
2150,xampp,https://stackoverflow.com/questions/tagged/xampp
2151,geocoding,https://stackoverflow.com/questions/tagged/geocoding
2152,concat,https://stackoverflow.com/questions/tagged/concat
2153,matching,https://stackoverflow.com/questions/tagged/matching
2154,stream,https://stackoverflow.com/questions/tagged/stream
